Month,Groceries,Rent,Transportation,Gym,Utilities,Water Bill,Electricity Bill,Internet & Mobile Bill,Healthcare,Insurance,Investments,Savings,EMI/Loans,Taxes,Dining & Entertainment,Shopping & Wants,Total Expenditure,Income
01-01-2020,0,0,68,0,0,0,0,0,0,0,0,0,0,0,0,0,68,36000
02-01-2020,0,10000,50,0,0,0,0,0,919,0,0,0,0,0,0,0,10969,0
03-01-2020,0,0,0,937,0,0,0,0,0,0,0,0,0,0,301,0,1238,0
04-01-2020,0,0,64,0,0,0,0,0,0,0,0,0,0,0,0,1549,1613,0
05-01-2020,0,0,83,0,0,0,0,0,0,1264,3489,0,0,0,0,696,5532,0
06-01-2020,0,0,43,0,0,0,0,0,1047,0,0,0,0,0,0,0,1090,0
07-01-2020,0,0,46,0,0,0,0,0,0,0,0,0,0,0,0,1154,1200,0
08-01-2020,0,0,0,0,383,0,0,0,0,0,0,0,0,0,501,0,884,0
09-01-2020,0,0,0,0,0,0,0,0,0,0,0,0,0,0,0,0,0,0
10-01-2020,0,0,79,0,0,0,0,0,0,0,0,0,0,0,0,0,79,0
11-01-2020,0,0,0,0,0,0,0,0,0,0,0,0,0,0,181,0,181,0
12-01-2020,0,0,0,0,0,0,2120,0,0,0,0,0,0,0,163,441,2724,0
13-01-2020,2578,0,0,0,0,0,0,0,0,0,0,0,0,0,0,0,2578,0
14-01-2020,2754,0,72,0,0,0,0,0,0,0,0,0,0,0,0,0,2826,0
15-01-2020,0,0,0,0,0,0,0,893,0,0,0,0,0,0,486,0,1379,0
16-01-2020,0,0,53,0,0,0,0,0,1634,0,0,0,0,0,0,0,1687,0
17-01-2020,0,0,71,0,0,0,0,0,0,0,0,0,0,0,120,0,191,0
18-01-2020,0,0,54,0,0,0,0,0,0,0,0,0,0,0,184,0,238,0
19-01-2020,0,0,0,0,0,0,0,0,0,0,0,0,0,0,52,1413,1465,0
20-01-2020,0,0,67,0,0,0,0,0,0,0,0,0,0,0,0,0,67,0
21-01-2020,0,0,52,0,0,0,0,0,0,0,0,0,0,0,480,0,532,0
22-01-2020,0,0,81,0,0,0,0,0,0,0,0,0,0,0,0,0,81,0
23-01-2020,0,0,51,0,0,0,0,0,0,0,0,0,0,0,0,0,51,0
24-01-2020,0,0,41,0,0,0,0,0,0,0,0,0,0,0,249,0,290,0
25-01-2020,0,0,65,0,0,0,0,0,0,0,0,0,0,0,463,0,528,0
26-01-2020,0,0,0,0,0,0,0,0,0,0,0,0,0,0,0,0,0,0
27-01-2020,0,0,72,0,0,0,0,0,0,0,0,0,0,0,0,0,72,0
28-01-2020,2286,0,75,0,0,0,0,0,0,0,0,0,0,0,0,0,2361,0
29-01-2020,0,0,0,0,0,0,0,0,0,0,0,0,0,0,0,0,0,0
30-01-2020,0,0,0,0,0,0,0,0,0,0,0,0,0,0,0,0,0,0
31-01-2020,0,0,41,0,0,0,0,0,0,0,0,7256,0,0,0,0,7297,0
01-02-2020,0,0,58,0,0,0,0,0,0,0,0,0,0,0,0,0,58,36000
02-02-2020,0,10000,50,0,0,0,0,0,0,0,0,0,0,0,0,0,10050,0
03-02-2020,0,0,74,961,0,0,0,0,0,0,0,0,0,0,362,0,1397,0
04-02-2020,0,0,0,0,0,0,0,0,0,0,0,0,0,0,422,0,422,0
05-02-2020,0,0,0,0,0,0,0,0,0,1377,3691,0,0,0,0,519,5587,0
06-02-2020,0,0,77,0,0,0,0,0,0,0,0,0,0,0,0,0,77,0
07-02-2020,0,0,72,0,0,0,0,0,0,0,0,0,0,0,0,865,937,0
08-02-2020,1543,0,0,0,314,0,0,0,0,0,0,0,0,0,0,0,1857,0
09-02-2020,0,0,0,0,0,0,0,0,0,0,0,0,0,0,0,0,0,0
10-02-2020,2600,0,0,0,0,0,0,0,0,0,0,0,0,0,0,0,2600,0
11-02-2020,0,0,64,0,0,0,0,0,0,0,0,0,0,0,0,0,64,0
12-02-2020,0,0,61,0,0,0,2225,0,0,0,0,0,0,0,514,0,2800,0
13-02-2020,0,0,82,0,0,0,0,0,0,0,0,0,0,0,0,0,82,0
14-02-2020,0,0,63,0,0,0,0,0,0,0,0,0,0,0,0,0,63,0
15-02-2020,2206,0,55,0,0,0,0,744,0,0,0,0,0,0,0,0,3005,0
16-02-2020,0,0,61,0,0,0,0,0,0,0,0,0,0,0,214,0,275,0
17-02-2020,0,0,81,0,0,0,0,0,0,0,0,0,0,0,0,1042,1123,0
18-02-2020,0,0,83,0,0,0,0,0,0,0,0,0,0,0,374,0,457,0
19-02-2020,0,0,0,0,0,0,0,0,0,0,0,0,0,0,0,0,0,0
20-02-2020,0,0,67,0,0,0,0,0,0,0,0,0,0,0,498,0,565,0
21-02-2020,0,0,40,0,0,0,0,0,0,0,0,0,0,0,120,0,160,0
22-02-2020,0,0,40,0,0,0,0,0,0,0,0,0,0,0,0,0,40,0
23-02-2020,0,0,55,0,0,0,0,0,0,0,0,0,0,0,309,1142,1506,0
24-02-2020,0,0,44,0,0,0,0,0,0,0,0,0,0,0,456,0,500,0
25-02-2020,0,0,76,0,0,0,0,0,0,0,0,0,0,0,0,0,76,0
26-02-2020,0,0,58,0,0,0,0,0,0,0,0,0,0,0,0,0,58,0
27-02-2020,1195,0,41,0,0,0,0,0,0,0,0,0,0,0,0,0,1236,0
28-02-2020,0,0,72,0,0,0,0,0,0,0,0,0,0,0,0,0,72,0
29-02-2020,0,0,0,0,0,0,0,0,648,0,0,5953,0,0,421,1375,8397,0
01-03-2020,0,0,56,0,0,0,0,0,0,0,0,0,0,0,0,0,56,36000
02-03-2020,1949,10000,46,0,0,0,0,0,0,0,0,0,0,0,0,0,11995,0
03-03-2020,0,0,0,870,0,0,0,0,0,0,0,0,0,0,0,0,870,0
04-03-2020,1308,0,0,0,0,0,0,0,0,0,0,0,0,0,0,0,1308,0
05-03-2020,0,0,52,0,0,0,0,0,0,1286,3567,0,0,0,297,0,5202,0
06-03-2020,0,0,52,0,0,0,0,0,0,0,0,0,0,0,0,1306,1358,0
07-03-2020,0,0,67,0,0,0,0,0,0,0,0,0,0,0,0,0,67,0
08-03-2020,0,0,51,0,396,0,0,0,0,0,0,0,0,0,0,0,447,0
09-03-2020,1365,0,0,0,0,0,0,0,0,0,0,0,0,0,0,0,1365,0
10-03-2020,0,0,0,0,0,0,0,0,0,0,0,0,0,0,0,0,0,0
11-03-2020,0,0,0,0,0,0,0,0,0,0,0,0,0,0,0,0,0,0
12-03-2020,0,0,0,0,0,0,2545,0,0,0,0,0,0,0,0,0,2545,0
13-03-2020,0,0,0,0,0,0,0,0,0,0,0,0,0,0,351,0,351,0
14-03-2020,0,0,70,0,0,0,0,0,0,0,0,0,0,0,0,0,70,0
15-03-2020,1543,0,84,0,0,0,0,698,0,0,0,0,0,1038,0,0,3363,0
16-03-2020,0,0,0,0,0,0,0,0,0,0,0,0,0,0,0,0,0,0
17-03-2020,0,0,64,0,0,0,0,0,0,0,0,0,0,0,158,0,222,0
18-03-2020,502,0,60,0,0,0,0,0,0,0,0,0,0,0,0,0,562,0
19-03-2020,0,0,80,0,0,0,0,0,0,0,0,0,0,0,537,0,617,0
20-03-2020,1335,0,0,0,0,0,0,0,0,0,0,0,0,0,0,407,1742,0
21-03-2020,0,0,47,0,0,0,0,0,0,0,0,0,0,0,0,0,47,0
22-03-2020,0,0,76,0,0,0,0,0,0,0,0,0,0,0,0,0,76,0
23-03-2020,0,0,0,0,0,0,0,0,0,0,0,0,0,0,582,439,1021,0
24-03-2020,0,0,0,0,0,0,0,0,0,0,0,0,0,0,0,0,0,0
25-03-2020,0,0,72,0,0,0,0,0,0,0,0,0,0,0,0,0,72,0
26-03-2020,0,0,0,0,0,0,0,0,0,0,0,0,0,0,0,0,0,0
27-03-2020,3170,0,40,0,0,0,0,0,0,0,0,0,0,0,0,0,3210,0
28-03-2020,0,0,0,0,0,0,0,0,0,0,0,0,0,0,0,0,0,0
29-03-2020,0,0,53,0,0,0,0,0,0,0,0,0,0,0,470,0,523,0
30-03-2020,2501,0,70,0,0,0,0,0,0,0,0,0,0,0,0,0,2571,0
31-03-2020,0,0,40,0,0,0,0,0,0,0,0,5823,0,0,0,0,5863,0
01-04-2020,0,0,62,0,0,0,0,0,0,0,0,0,0,0,0,0,62,36000
02-04-2020,0,10000,73,0,0,0,0,0,0,0,0,0,0,0,0,0,10073,0
03-04-2020,0,0,0,1040,0,0,0,0,0,0,0,0,0,0,0,0,1040,0
04-04-2020,0,0,56,0,0,0,0,0,0,0,0,0,0,0,208,0,264,0
05-04-2020,0,0,45,0,0,0,0,0,0,1333,3771,0,0,0,0,0,5149,0
06-04-2020,2442,0,62,0,0,0,0,0,0,0,0,0,0,0,0,0,2504,0
07-04-2020,0,0,64,0,0,0,0,0,0,0,0,0,0,0,0,0,64,0
08-04-2020,0,0,60,0,401,0,0,0,0,0,0,0,0,0,558,1586,2605,0
09-04-2020,2053,0,73,0,0,0,0,0,0,0,0,0,0,0,0,298,2424,0
10-04-2020,0,0,69,0,0,0,0,0,0,0,0,0,0,0,0,853,922,0
11-04-2020,0,0,0,0,0,0,0,0,0,0,0,0,0,0,80,0,80,0
12-04-2020,3046,0,84,0,0,0,1677,0,0,0,0,0,0,0,31,0,4838,0
13-04-2020,3153,0,0,0,0,0,0,0,0,0,0,0,0,0,0,0,3153,0
14-04-2020,0,0,49,0,0,0,0,0,0,0,0,0,0,0,0,175,224,0
15-04-2020,0,0,64,0,0,0,0,824,0,0,0,0,0,0,0,0,888,0
16-04-2020,0,0,73,0,0,0,0,0,0,0,0,0,0,0,0,0,73,0
17-04-2020,0,0,65,0,0,0,0,0,0,0,0,0,0,0,339,0,404,0
18-04-2020,0,0,61,0,0,0,0,0,0,0,0,0,0,0,0,0,61,0
19-04-2020,0,0,69,0,0,0,0,0,378,0,0,0,0,0,0,292,739,0
20-04-2020,767,0,0,0,0,0,0,0,0,0,0,0,0,0,0,0,767,0
21-04-2020,0,0,77,0,0,0,0,0,0,0,0,0,0,0,0,0,77,0
22-04-2020,0,0,83,0,0,0,0,0,0,0,0,0,0,0,0,0,83,0
23-04-2020,0,0,40,0,0,0,0,0,0,0,0,0,0,0,163,0,203,0
24-04-2020,0,0,45,0,0,0,0,0,0,0,0,0,0,0,196,1241,1482,0
25-04-2020,3124,0,76,0,0,0,0,0,0,0,0,0,0,0,0,0,3200,0
26-04-2020,0,0,44,0,0,0,0,0,0,0,0,0,0,0,0,425,469,0
27-04-2020,1619,0,74,0,0,0,0,0,0,0,0,0,0,0,0,1422,3115,0
28-04-2020,0,0,0,0,0,0,0,0,0,0,0,0,0,0,189,0,189,0
29-04-2020,0,0,43,0,0,0,0,0,0,0,0,0,0,0,0,0,43,0
30-04-2020,0,0,71,0,0,0,0,0,0,0,0,7392,0,0,47,0,7510,0
01-05-2020,0,0,0,0,0,0,0,0,0,0,0,0,0,0,0,0,0,36000
02-05-2020,0,10000,45,0,0,0,0,0,0,0,0,0,0,0,0,0,10045,0
03-05-2020,0,0,69,960,0,0,0,0,0,0,0,0,0,0,0,1170,2199,0
04-05-2020,0,0,0,0,0,0,0,0,0,0,0,0,0,0,546,0,546,0
05-05-2020,0,0,75,0,0,0,0,0,0,1367,3593,0,0,0,0,0,5035,0
06-05-2020,0,0,43,0,0,0,0,0,0,0,0,0,0,0,0,0,43,0
07-05-2020,0,0,82,0,0,0,0,0,0,0,0,0,0,0,0,0,82,0
08-05-2020,0,0,65,0,413,0,0,0,0,0,0,0,0,0,165,1283,1926,0
09-05-2020,0,0,82,0,0,0,0,0,0,0,0,0,0,0,0,0,82,0
10-05-2020,0,0,81,0,0,0,0,0,0,0,0,0,0,0,0,100,181,0
11-05-2020,0,0,0,0,0,0,0,0,0,0,0,0,0,0,0,1478,1478,0
12-05-2020,0,0,40,0,0,0,2019,0,0,0,0,0,0,0,0,0,2059,0
13-05-2020,0,0,48,0,0,0,0,0,0,0,0,0,0,0,0,0,48,0
14-05-2020,0,0,65,0,0,0,0,0,0,0,0,0,0,0,0,0,65,0
15-05-2020,0,0,83,0,0,0,0,696,0,0,0,0,0,0,49,0,828,0
16-05-2020,0,0,0,0,0,0,0,0,1642,0,0,0,0,0,0,0,1642,0
17-05-2020,0,0,56,0,0,0,0,0,0,0,0,0,0,0,366,1774,2196,0
18-05-2020,2562,0,71,0,0,0,0,0,0,0,0,0,0,0,0,0,2633,0
19-05-2020,0,0,84,0,0,0,0,0,0,0,0,0,0,0,0,0,84,0
20-05-2020,0,0,41,0,0,0,0,0,0,0,0,0,0,0,0,0,41,0
21-05-2020,0,0,47,0,0,0,0,0,0,0,0,0,0,0,0,0,47,0
22-05-2020,2123,0,72,0,0,0,0,0,908,0,0,0,0,0,0,0,3103,0
23-05-2020,2926,0,47,0,0,0,0,0,0,0,0,0,0,0,0,0,2973,0
24-05-2020,0,0,0,0,0,0,0,0,0,0,0,0,0,0,0,0,0,0
25-05-2020,0,0,0,0,0,0,0,0,0,0,0,0,0,0,0,0,0,0
26-05-2020,0,0,72,0,0,0,0,0,0,0,0,0,0,0,405,0,477,0
27-05-2020,0,0,40,0,0,0,0,0,0,0,0,0,0,0,0,0,40,0
28-05-2020,0,0,51,0,0,0,0,0,0,0,0,0,0,0,0,0,51,0
29-05-2020,0,0,0,0,0,0,0,0,0,0,0,0,0,0,0,0,0,0
30-05-2020,0,0,62,0,0,0,0,0,0,0,0,0,0,0,0,575,637,0
31-05-2020,0,0,64,0,0,0,0,0,0,0,0,7276,0,0,259,0,7599,0
01-06-2020,0,0,62,0,0,0,0,0,0,0,0,0,0,0,0,0,62,36000
02-06-2020,0,10000,73,0,0,0,0,0,0,0,0,0,0,0,0,0,10073,0
03-06-2020,0,0,66,955,0,0,0,0,0,0,0,0,0,0,0,0,1021,0
04-06-2020,0,0,46,0,0,0,0,0,0,0,0,0,0,0,0,0,46,0
05-06-2020,0,0,82,0,0,0,0,0,0,1295,3363,0,0,0,395,0,5135,0
06-06-2020,0,0,75,0,0,0,0,0,0,0,0,0,0,0,251,0,326,0
07-06-2020,1612,0,0,0,0,0,0,0,0,0,0,0,0,0,172,1317,3101,0
08-06-2020,0,0,0,0,469,0,0,0,0,0,0,0,0,0,0,0,469,0
09-06-2020,0,0,40,0,0,0,0,0,0,0,0,0,0,0,0,0,40,0
10-06-2020,0,0,0,0,0,0,0,0,0,0,0,0,0,0,0,0,0,0
11-06-2020,0,0,83,0,0,0,0,0,0,0,0,0,0,0,0,0,83,0
12-06-2020,0,0,63,0,0,0,1611,0,0,0,0,0,0,0,0,0,1674,0
13-06-2020,0,0,47,0,0,0,0,0,0,0,0,0,0,0,0,0,47,0
14-06-2020,1077,0,0,0,0,0,0,0,0,0,0,0,0,0,0,0,1077,0
15-06-2020,0,0,54,0,0,0,0,765,0,0,0,0,0,1249,522,0,2590,0
16-06-2020,701,0,0,0,0,0,0,0,0,0,0,0,0,0,0,0,701,0
17-06-2020,1421,0,83,0,0,0,0,0,0,0,0,0,0,0,0,0,1504,0
18-06-2020,0,0,78,0,0,0,0,0,0,0,0,0,0,0,0,0,78,0
19-06-2020,0,0,55,0,0,0,0,0,0,0,0,0,0,0,0,0,55,0
20-06-2020,2104,0,0,0,0,0,0,0,0,0,0,0,0,0,0,0,2104,0
21-06-2020,0,0,0,0,0,0,0,0,0,0,0,0,0,0,0,0,0,0
22-06-2020,0,0,83,0,0,0,0,0,0,0,0,0,0,0,0,0,83,0
23-06-2020,0,0,42,0,0,0,0,0,0,0,0,0,0,0,348,0,390,0
24-06-2020,0,0,54,0,0,0,0,0,0,0,0,0,0,0,0,0,54,0
25-06-2020,0,0,0,0,0,0,0,0,0,0,0,0,0,0,464,0,464,0
26-06-2020,0,0,0,0,0,0,0,0,0,0,0,0,0,0,0,1657,1657,0
27-06-2020,525,0,84,0,0,0,0,0,0,0,0,0,0,0,0,555,1164,0
28-06-2020,0,0,44,0,0,0,0,0,0,0,0,0,0,0,545,0,589,0
29-06-2020,0,0,81,0,0,0,0,0,0,0,0,0,0,0,0,0,81,0
30-06-2020,0,0,52,0,0,0,0,0,0,0,0,6490,0,0,0,0,6542,0
01-07-2020,0,0,0,0,0,0,0,0,0,0,0,0,0,0,219,0,219,36000
02-07-2020,0,10000,0,0,0,0,0,0,0,0,0,0,0,0,0,1033,11033,0
03-07-2020,1213,0,44,887,0,0,0,0,0,0,0,0,0,0,340,845,3329,0
04-07-2020,0,0,0,0,0,0,0,0,0,0,0,0,0,0,0,0,0,0
05-07-2020,0,0,66,0,0,0,0,0,0,1305,3339,0,0,0,0,0,4710,0
06-07-2020,0,0,80,0,0,0,0,0,0,0,0,0,0,0,194,1740,2014,0
07-07-2020,0,0,82,0,0,0,0,0,821,0,0,0,0,0,0,0,903,0
08-07-2020,0,0,78,0,386,0,0,0,0,0,0,0,0,0,0,0,464,0
09-07-2020,1990,0,71,0,0,0,0,0,0,0,0,0,0,0,0,0,2061,0
10-07-2020,0,0,63,0,0,0,0,0,0,0,0,0,0,0,491,0,554,0
11-07-2020,0,0,0,0,0,0,0,0,0,0,0,0,0,0,0,0,0,0
12-07-2020,1030,0,75,0,0,0,2819,0,0,0,0,0,0,0,548,935,5407,0
13-07-2020,0,0,57,0,0,0,0,0,0,0,0,0,0,0,0,0,57,0
14-07-2020,1206,0,51,0,0,0,0,0,0,0,0,0,0,0,0,0,1257,0
15-07-2020,0,0,65,0,0,0,0,882,0,0,0,0,0,0,0,0,947,0
16-07-2020,0,0,0,0,0,0,0,0,0,0,0,0,0,0,0,0,0,0
17-07-2020,0,0,0,0,0,0,0,0,0,0,0,0,0,0,406,1677,2083,0
18-07-2020,0,0,0,0,0,0,0,0,0,0,0,0,0,0,0,0,0,0
19-07-2020,0,0,77,0,0,0,0,0,0,0,0,0,0,0,548,0,625,0
20-07-2020,0,0,64,0,0,0,0,0,0,0,0,0,0,0,0,0,64,0
21-07-2020,0,0,0,0,0,0,0,0,0,0,0,0,0,0,560,0,560,0
22-07-2020,0,0,0,0,0,0,0,0,0,0,0,0,0,0,297,0,297,0
23-07-2020,0,0,61,0,0,0,0,0,0,0,0,0,0,0,368,0,429,0
24-07-2020,1643,0,60,0,0,0,0,0,0,0,0,0,0,0,0,0,1703,0
25-07-2020,0,0,64,0,0,0,0,0,0,0,0,0,0,0,0,263,327,0
26-07-2020,0,0,51,0,0,0,0,0,0,0,0,0,0,0,616,0,667,0
27-07-2020,2343,0,79,0,0,0,0,0,0,0,0,0,0,0,249,638,3309,0
28-07-2020,0,0,41,0,0,0,0,0,0,0,0,0,0,0,146,0,187,0
29-07-2020,0,0,79,0,0,0,0,0,0,0,0,0,0,0,0,823,902,0
30-07-2020,0,0,80,0,0,0,0,0,0,0,0,0,0,0,0,0,80,0
31-07-2020,0,0,46,0,0,0,0,0,0,0,0,6094,0,0,0,0,6140,0
01-08-2020,0,0,80,0,0,0,0,0,0,0,0,0,0,0,0,0,80,36000
02-08-2020,0,10000,64,0,0,0,0,0,0,0,0,0,0,0,591,0,10655,0
03-08-2020,0,0,71,968,0,0,0,0,0,0,0,0,0,0,0,0,1039,0
04-08-2020,0,0,0,0,0,0,0,0,0,0,0,0,0,0,0,84,84,0
05-08-2020,0,0,46,0,0,0,0,0,0,1431,3746,0,0,0,0,0,5223,0
06-08-2020,0,0,43,0,0,0,0,0,0,0,0,0,0,0,0,0,43,0
07-08-2020,0,0,80,0,0,0,0,0,0,0,0,0,0,0,0,0,80,0
08-08-2020,0,0,0,0,441,0,0,0,0,0,0,0,0,0,0,0,441,0
09-08-2020,0,0,57,0,0,0,0,0,0,0,0,0,0,0,0,1593,1650,0
10-08-2020,0,0,81,0,0,0,0,0,0,0,0,0,0,0,0,886,967,0
11-08-2020,0,0,53,0,0,0,0,0,0,0,0,0,0,0,0,0,53,0
12-08-2020,0,0,67,0,0,0,2490,0,0,0,0,0,0,0,0,0,2557,0
13-08-2020,0,0,84,0,0,0,0,0,0,0,0,0,0,0,34,319,437,0
14-08-2020,0,0,51,0,0,0,0,0,0,0,0,0,0,0,0,0,51,0
15-08-2020,0,0,59,0,0,0,0,680,0,0,0,0,0,0,0,0,739,0
16-08-2020,0,0,0,0,0,0,0,0,0,0,0,0,0,0,0,0,0,0
17-08-2020,0,0,59,0,0,0,0,0,0,0,0,0,0,0,535,0,594,0
18-08-2020,0,0,74,0,0,0,0,0,0,0,0,0,0,0,0,0,74,0
19-08-2020,0,0,81,0,0,0,0,0,366,0,0,0,0,0,0,0,447,0
20-08-2020,0,0,78,0,0,0,0,0,0,0,0,0,0,0,0,0,78,0
21-08-2020,0,0,84,0,0,0,0,0,0,0,0,0,0,0,0,0,84,0
22-08-2020,0,0,47,0,0,0,0,0,0,0,0,0,0,0,519,1266,1832,0
23-08-2020,0,0,57,0,0,0,0,0,494,0,0,0,0,0,0,0,551,0
24-08-2020,0,0,72,0,0,0,0,0,0,0,0,0,0,0,0,0,72,0
25-08-2020,0,0,67,0,0,0,0,0,0,0,0,0,0,0,0,0,67,0
26-08-2020,0,0,0,0,0,0,0,0,0,0,0,0,0,0,183,0,183,0
27-08-2020,0,0,43,0,0,0,0,0,0,0,0,0,0,0,0,0,43,0
28-08-2020,0,0,50,0,0,0,0,0,0,0,0,0,0,0,479,1728,2257,0
29-08-2020,0,0,54,0,0,0,0,0,0,0,0,0,0,0,0,0,54,0
30-08-2020,3189,0,83,0,0,0,0,0,0,0,0,0,0,0,0,0,3272,0
31-08-2020,0,0,0,0,0,0,0,0,0,0,0,6356,0,0,0,0,6356,0
01-09-2020,0,0,76,0,0,0,0,0,0,0,0,0,0,0,0,0,76,36000
02-09-2020,0,10000,0,0,0,0,0,0,0,0,0,0,0,0,0,0,10000,0
03-09-2020,0,0,54,929,0,0,0,0,0,0,0,0,0,0,0,838,1821,0
04-09-2020,0,0,53,0,0,0,0,0,0,0,0,0,0,0,588,0,641,0
05-09-2020,0,0,81,0,0,0,0,0,0,1405,3590,0,0,0,0,0,5076,0
06-09-2020,1362,0,50,0,0,0,0,0,0,0,0,0,0,0,0,0,1412,0
07-09-2020,0,0,81,0,0,0,0,0,0,0,0,0,0,0,0,1458,1539,0
08-09-2020,0,0,52,0,452,0,0,0,0,0,0,0,0,0,0,0,504,0
09-09-2020,0,0,49,0,0,0,0,0,0,0,0,0,0,0,0,0,49,0
10-09-2020,0,0,66,0,0,0,0,0,0,0,0,0,0,0,555,0,621,0
11-09-2020,0,0,0,0,0,0,0,0,0,0,0,0,0,0,463,0,463,0
12-09-2020,0,0,0,0,0,0,2082,0,0,0,0,0,0,0,0,854,2936,0
13-09-2020,0,0,71,0,0,0,0,0,0,0,0,0,0,0,101,0,172,0
14-09-2020,1877,0,0,0,0,0,0,0,0,0,0,0,0,0,0,0,1877,0
15-09-2020,0,0,0,0,0,0,0,703,0,0,0,0,0,1187,0,0,1890,0
16-09-2020,0,0,76,0,0,0,0,0,0,0,0,0,0,0,377,0,453,0
17-09-2020,0,0,41,0,0,0,0,0,0,0,0,0,0,0,184,0,225,0
18-09-2020,0,0,83,0,0,0,0,0,0,0,0,0,0,0,0,0,83,0
19-09-2020,0,0,56,0,0,0,0,0,0,0,0,0,0,0,0,0,56,0
20-09-2020,0,0,44,0,0,0,0,0,0,0,0,0,0,0,0,257,301,0
21-09-2020,1723,0,55,0,0,0,0,0,0,0,0,0,0,0,0,0,1778,0
22-09-2020,0,0,67,0,0,0,0,0,0,0,0,0,0,0,272,0,339,0
23-09-2020,0,0,57,0,0,0,0,0,0,0,0,0,0,0,0,0,57,0
24-09-2020,1986,0,53,0,0,0,0,0,0,0,0,0,0,0,602,0,2641,0
25-09-2020,0,0,40,0,0,0,0,0,0,0,0,0,0,0,0,0,40,0
26-09-2020,0,0,74,0,0,0,0,0,0,0,0,0,0,0,0,0,74,0
27-09-2020,0,0,81,0,0,0,0,0,0,0,0,0,0,0,0,0,81,0
28-09-2020,0,0,0,0,0,0,0,0,1008,0,0,0,0,0,550,1478,3036,0
29-09-2020,0,0,57,0,0,0,0,0,0,0,0,0,0,0,0,0,57,0
30-09-2020,0,0,72,0,0,0,0,0,0,0,0,7160,0,0,0,0,7232,0
01-10-2020,0,0,0,0,0,0,0,0,0,0,0,0,0,0,561,0,561,36000
02-10-2020,391,10000,0,0,0,0,0,0,0,0,0,0,0,0,556,0,10947,0
03-10-2020,0,0,82,983,0,0,0,0,0,0,0,0,0,0,0,1060,2125,0
04-10-2020,989,0,64,0,0,0,0,0,0,0,0,0,0,0,80,0,1133,0
05-10-2020,0,0,67,0,0,0,0,0,0,1386,3398,0,0,0,104,0,4955,0
06-10-2020,0,0,79,0,0,0,0,0,0,0,0,0,0,0,0,0,79,0
07-10-2020,0,0,78,0,0,0,0,0,0,0,0,0,0,0,0,0,78,0
08-10-2020,0,0,61,0,286,0,0,0,535,0,0,0,0,0,0,0,882,0
09-10-2020,3008,0,60,0,0,0,0,0,0,0,0,0,0,0,0,1496,4564,0
10-10-2020,0,0,65,0,0,0,0,0,0,0,0,0,0,0,0,0,65,0
11-10-2020,0,0,74,0,0,0,0,0,0,0,0,0,0,0,0,0,74,0
12-10-2020,0,0,43,0,0,0,2228,0,0,0,0,0,0,0,618,0,2889,0
13-10-2020,0,0,77,0,0,0,0,0,0,0,0,0,0,0,0,241,318,0
14-10-2020,0,0,40,0,0,0,0,0,381,0,0,0,0,0,121,0,542,0
15-10-2020,0,0,0,0,0,0,0,700,0,0,0,0,0,0,0,0,700,0
16-10-2020,0,0,0,0,0,0,0,0,0,0,0,0,0,0,0,989,989,0
17-10-2020,386,0,52,0,0,0,0,0,0,0,0,0,0,0,0,457,895,0
18-10-2020,0,0,59,0,0,0,0,0,0,0,0,0,0,0,0,0,59,0
19-10-2020,0,0,0,0,0,0,0,0,0,0,0,0,0,0,515,0,515,0
20-10-2020,2485,0,0,0,0,0,0,0,0,0,0,0,0,0,392,0,2877,0
21-10-2020,0,0,0,0,0,0,0,0,0,0,0,0,0,0,0,1634,1634,0
22-10-2020,0,0,80,0,0,170,0,0,0,0,0,0,0,0,0,419,669,0
23-10-2020,0,0,0,0,0,0,0,0,0,0,0,0,0,0,0,0,0,0
24-10-2020,2620,0,50,0,0,0,0,0,0,0,0,0,0,0,0,0,2670,0
25-10-2020,0,0,64,0,0,0,0,0,271,0,0,0,0,0,196,735,1266,0
26-10-2020,0,0,0,0,0,0,0,0,0,0,0,0,0,0,0,0,0,0
27-10-2020,0,0,0,0,0,0,0,0,0,0,0,0,0,0,0,0,0,0
28-10-2020,0,0,50,0,0,0,0,0,0,0,0,0,0,0,0,0,50,0
29-10-2020,512,0,0,0,0,0,0,0,0,0,0,0,0,0,0,0,512,0
30-10-2020,0,0,63,0,0,0,0,0,0,0,0,0,0,0,0,0,63,0
31-10-2020,0,0,58,0,0,0,0,0,0,0,0,6334,0,0,132,0,6524,0
01-11-2020,0,0,55,0,0,0,0,0,0,0,0,0,0,0,0,0,55,36000
02-11-2020,0,10000,81,0,0,0,0,0,0,0,0,0,0,0,429,0,10510,0
03-11-2020,0,0,52,1004,0,0,0,0,0,0,0,0,0,0,0,0,1056,0
04-11-2020,1956,0,0,0,0,0,0,0,0,0,0,0,0,0,0,0,1956,0
05-11-2020,0,0,58,0,0,0,0,0,0,1492,3522,0,0,0,0,0,5072,0
06-11-2020,0,0,0,0,0,0,0,0,0,0,0,0,0,0,0,0,0,0
07-11-2020,0,0,77,0,0,0,0,0,0,0,0,0,0,0,44,0,121,0
08-11-2020,3045,0,0,0,293,0,0,0,0,0,0,0,0,0,0,0,3338,0
09-11-2020,0,0,57,0,0,0,0,0,0,0,0,0,0,0,343,455,855,0
10-11-2020,0,0,0,0,0,0,0,0,0,0,0,0,0,0,43,0,43,0
11-11-2020,1951,0,72,0,0,0,0,0,0,0,0,0,0,0,500,0,2523,0
12-11-2020,0,0,72,0,0,0,2619,0,0,0,0,0,0,0,0,0,2691,0
13-11-2020,0,0,53,0,0,0,0,0,0,0,0,0,0,0,0,0,53,0
14-11-2020,0,0,49,0,0,0,0,0,0,0,0,0,0,0,649,0,698,0
15-11-2020,0,0,84,0,0,0,0,877,0,0,0,0,0,0,571,0,1532,0
16-11-2020,0,0,0,0,0,0,0,0,0,0,0,0,0,0,0,0,0,0
17-11-2020,1309,0,43,0,0,0,0,0,958,0,0,0,0,0,0,0,2310,0
18-11-2020,1919,0,83,0,0,0,0,0,0,0,0,0,0,0,0,0,2002,0
19-11-2020,1202,0,69,0,0,0,0,0,0,0,0,0,0,0,244,0,1515,0
20-11-2020,0,0,70,0,0,0,0,0,745,0,0,0,0,0,0,1301,2116,0
21-11-2020,2543,0,82,0,0,0,0,0,1376,0,0,0,0,0,543,1472,6016,0
22-11-2020,0,0,0,0,0,0,0,0,0,0,0,0,0,0,0,541,541,0
23-11-2020,0,0,60,0,0,0,0,0,0,0,0,0,0,0,0,1033,1093,0
24-11-2020,0,0,60,0,0,0,0,0,0,0,0,0,0,0,0,1251,1311,0
25-11-2020,0,0,46,0,0,0,0,0,0,0,0,0,0,0,0,0,46,0
26-11-2020,476,0,82,0,0,0,0,0,0,0,0,0,0,0,0,247,805,0
27-11-2020,0,0,44,0,0,0,0,0,0,0,0,0,0,0,0,0,44,0
28-11-2020,0,0,78,0,0,0,0,0,0,0,0,0,0,0,318,0,396,0
29-11-2020,0,0,71,0,0,0,0,0,0,0,0,0,0,0,407,0,478,0
30-11-2020,0,0,79,0,0,0,0,0,0,0,0,7305,0,0,0,0,7384,0
01-12-2020,0,0,0,0,0,0,0,0,0,0,0,0,0,0,0,1117,1117,36000
02-12-2020,0,10000,45,0,0,0,0,0,0,0,0,0,0,0,0,0,10045,0
03-12-2020,0,0,0,1046,0,0,0,0,0,0,0,0,0,0,0,0,1046,0
04-12-2020,0,0,60,0,0,0,0,0,0,0,0,0,0,0,0,287,347,0
05-12-2020,0,0,51,0,0,0,0,0,0,1291,3615,0,0,0,0,0,4957,0
06-12-2020,0,0,77,0,0,0,0,0,0,0,0,0,0,0,544,0,621,0
07-12-2020,0,0,43,0,0,0,0,0,0,0,0,0,0,0,0,0,43,0
08-12-2020,0,0,55,0,418,0,0,0,0,0,0,0,0,0,0,719,1192,0
09-12-2020,0,0,77,0,0,0,0,0,0,0,0,0,0,0,0,1610,1687,0
10-12-2020,0,0,59,0,0,0,0,0,0,0,0,0,0,0,251,1550,1860,0
11-12-2020,1718,0,0,0,0,0,0,0,0,0,0,0,0,0,0,0,1718,0
12-12-2020,0,0,0,0,0,0,2849,0,0,0,0,0,0,0,0,0,2849,0
13-12-2020,0,0,72,0,0,0,0,0,0,0,0,0,0,0,65,0,137,0
14-12-2020,0,0,62,0,0,0,0,0,0,0,0,0,0,0,0,0,62,0
15-12-2020,782,0,55,0,0,0,0,694,0,0,0,0,0,1288,0,503,3322,0
16-12-2020,939,0,47,0,0,0,0,0,0,0,0,0,0,0,0,0,986,0
17-12-2020,1248,0,60,0,0,0,0,0,0,0,0,0,0,0,0,0,1308,0
18-12-2020,0,0,0,0,0,0,0,0,0,0,0,0,0,0,0,0,0,0
19-12-2020,0,0,62,0,0,0,0,0,0,0,0,0,0,0,0,0,62,0
20-12-2020,0,0,74,0,0,0,0,0,573,0,0,0,0,0,0,0,647,0
21-12-2020,0,0,0,0,0,0,0,0,0,0,0,0,0,0,107,0,107,0
22-12-2020,3110,0,67,0,0,0,0,0,0,0,0,0,0,0,0,0,3177,0
23-12-2020,585,0,75,0,0,0,0,0,0,0,0,0,0,0,400,0,1060,0
24-12-2020,0,0,80,0,0,0,0,0,0,0,0,0,0,0,0,117,197,0
25-12-2020,0,0,0,0,0,0,0,0,0,0,0,0,0,0,0,0,0,0
26-12-2020,0,0,69,0,0,0,0,0,0,0,0,0,0,0,518,0,587,0
27-12-2020,0,0,59,0,0,0,0,0,0,0,0,0,0,0,0,0,59,0
28-12-2020,0,0,74,0,0,0,0,0,0,0,0,0,0,0,0,0,74,0
29-12-2020,0,0,51,0,0,0,0,0,0,0,0,0,0,0,0,708,759,0
30-12-2020,0,0,79,0,0,0,0,0,0,0,0,0,0,0,0,0,79,0
31-12-2020,1729,0,67,0,0,0,0,0,0,0,0,7207,0,0,0,0,9003,0
01-01-2021,0,0,80,0,0,0,0,0,722,0,0,0,0,0,0,1738,2540,40000
02-01-2021,0,10000,65,0,0,0,0,0,0,0,0,0,0,0,386,0,10451,0
03-01-2021,0,0,74,948,0,0,0,0,0,0,0,0,0,0,0,0,1022,0
04-01-2021,1459,0,0,0,0,0,0,0,0,0,0,0,0,0,626,0,2085,0
05-01-2021,0,0,80,0,0,0,0,0,0,1691,4167,0,0,0,577,0,6515,0
06-01-2021,0,0,0,0,0,0,0,0,0,0,0,0,0,0,518,0,518,0
07-01-2021,0,0,40,0,0,0,0,0,0,0,0,0,0,0,0,0,40,0
08-01-2021,0,0,72,0,388,0,0,0,1008,0,0,0,0,0,0,0,1468,0
09-01-2021,0,0,69,0,0,0,0,0,0,0,0,0,0,0,348,0,417,0
10-01-2021,0,0,58,0,0,0,0,0,0,0,0,0,0,0,0,0,58,0
11-01-2021,0,0,80,0,0,0,0,0,0,0,0,0,0,0,0,0,80,0
12-01-2021,0,0,48,0,0,0,2889,0,0,0,0,0,0,0,0,0,2937,0
13-01-2021,2235,0,0,0,0,0,0,0,0,0,0,0,0,0,0,0,2235,0
14-01-2021,0,0,82,0,0,0,0,0,0,0,0,0,0,0,0,1286,1368,0
15-01-2021,0,0,62,0,0,0,0,806,0,0,0,0,0,0,301,0,1169,0
16-01-2021,0,0,48,0,0,0,0,0,0,0,0,0,0,0,0,0,48,0
17-01-2021,0,0,0,0,0,0,0,0,0,0,0,0,0,0,0,0,0,0
18-01-2021,0,0,75,0,0,0,0,0,0,0,0,0,0,0,0,0,75,0
19-01-2021,0,0,76,0,0,0,0,0,0,0,0,0,0,0,0,1742,1818,0
20-01-2021,0,0,74,0,0,0,0,0,0,0,0,0,0,0,150,0,224,0
21-01-2021,0,0,0,0,0,0,0,0,0,0,0,0,0,0,0,0,0,0
22-01-2021,0,0,84,0,0,0,0,0,0,0,0,0,0,0,368,0,452,0
23-01-2021,0,0,82,0,0,0,0,0,0,0,0,0,0,0,286,0,368,0
24-01-2021,0,0,76,0,0,0,0,0,0,0,0,0,0,0,0,0,76,0
25-01-2021,0,0,57,0,0,0,0,0,0,0,0,0,0,0,0,0,57,0
26-01-2021,0,0,84,0,0,0,0,0,0,0,0,0,0,0,0,0,84,0
27-01-2021,0,0,84,0,0,0,0,0,0,0,0,0,0,0,0,0,84,0
28-01-2021,0,0,60,0,0,0,0,0,0,0,0,0,0,0,324,0,384,0
29-01-2021,0,0,63,0,0,0,0,0,0,0,0,0,0,0,163,558,784,0
30-01-2021,0,0,0,0,0,0,0,0,0,0,0,0,0,0,0,0,0,0
31-01-2021,0,0,67,0,0,0,0,0,0,0,0,9340,0,0,0,0,9407,0
01-02-2021,0,0,84,0,0,0,0,0,0,0,0,0,0,0,419,0,503,40000
02-02-2021,0,10000,80,0,0,0,0,0,0,0,0,0,0,0,0,196,10276,0
03-02-2021,0,0,71,957,0,0,0,0,0,0,0,0,0,0,252,0,1280,0
04-02-2021,0,0,0,0,0,0,0,0,0,0,0,0,0,0,0,0,0,0
05-02-2021,0,0,0,0,0,0,0,0,0,1678,4286,0,0,0,0,0,5964,0
06-02-2021,0,0,0,0,0,0,0,0,0,0,0,0,0,0,140,386,526,0
07-02-2021,1646,0,0,0,0,0,0,0,0,0,0,0,0,0,0,0,1646,0
08-02-2021,0,0,0,0,310,0,0,0,0,0,0,0,0,0,0,1639,1949,0
09-02-2021,0,0,60,0,0,0,0,0,0,0,0,0,0,0,0,0,60,0
10-02-2021,318,0,0,0,0,0,0,0,1238,0,0,0,0,0,137,591,2284,0
11-02-2021,0,0,76,0,0,0,0,0,0,0,0,0,0,0,212,0,288,0
12-02-2021,0,0,79,0,0,0,2146,0,0,0,0,0,0,0,0,0,2225,0
13-02-2021,0,0,50,0,0,0,0,0,0,0,0,0,0,0,212,0,262,0
14-02-2021,0,0,58,0,0,0,0,0,0,0,0,0,0,0,399,0,457,0
15-02-2021,0,0,41,0,0,0,0,781,0,0,0,0,0,0,0,1363,2185,0
16-02-2021,0,0,0,0,0,0,0,0,0,0,0,0,0,0,0,0,0,0
17-02-2021,0,0,40,0,0,0,0,0,0,0,0,0,0,0,557,1386,1983,0
18-02-2021,0,0,62,0,0,0,0,0,0,0,0,0,0,0,0,0,62,0
19-02-2021,0,0,53,0,0,0,0,0,0,0,0,0,0,0,77,0,130,0
20-02-2021,0,0,52,0,0,0,0,0,0,0,0,0,0,0,0,0,52,0
21-02-2021,0,0,0,0,0,0,0,0,0,0,0,0,0,0,0,0,0,0
22-02-2021,2641,0,68,0,0,0,0,0,0,0,0,0,0,0,0,0,2709,0
23-02-2021,967,0,0,0,0,0,0,0,0,0,0,0,0,0,601,186,1754,0
24-02-2021,0,0,75,0,0,0,0,0,0,0,0,0,0,0,0,0,75,0
25-02-2021,0,0,0,0,0,0,0,0,0,0,0,0,0,0,495,0,495,0
26-02-2021,534,0,49,0,0,0,0,0,0,0,0,0,0,0,0,0,583,0
27-02-2021,0,0,0,0,0,0,0,0,0,0,0,0,0,0,557,0,557,0
28-02-2021,1825,0,0,0,0,0,0,0,0,0,0,9719,0,0,0,0,11544,0
01-03-2021,0,0,53,0,0,0,0,0,0,0,0,0,0,0,479,0,532,40000
02-03-2021,0,10000,0,0,0,0,0,0,0,0,0,0,0,0,353,0,10353,0
03-03-2021,2051,0,84,949,0,0,0,0,0,0,0,0,0,0,0,1076,4160,0
04-03-2021,0,0,60,0,0,0,0,0,0,0,0,0,0,0,0,0,60,0
05-03-2021,0,0,49,0,0,0,0,0,0,1734,4076,0,0,0,610,1750,8219,0
06-03-2021,0,0,0,0,0,0,0,0,0,0,0,0,0,0,0,436,436,0
07-03-2021,0,0,63,0,0,0,0,0,0,0,0,0,0,0,0,907,970,0
08-03-2021,0,0,55,0,363,0,0,0,0,0,0,0,0,0,0,0,418,0
09-03-2021,0,0,69,0,0,0,0,0,0,0,0,0,0,0,415,1574,2058,0
10-03-2021,0,0,0,0,0,0,0,0,0,0,0,0,0,0,0,0,0,0
11-03-2021,0,0,52,0,0,0,0,0,0,0,0,0,0,0,0,380,432,0
12-03-2021,0,0,0,0,0,0,2582,0,0,0,0,0,0,0,0,0,2582,0
13-03-2021,0,0,73,0,0,0,0,0,0,0,0,0,0,0,0,1291,1364,0
14-03-2021,0,0,0,0,0,0,0,0,0,0,0,0,0,0,0,0,0,0
15-03-2021,0,0,0,0,0,0,0,711,0,0,0,0,0,1277,0,0,1988,0
16-03-2021,0,0,0,0,0,0,0,0,0,0,0,0,0,0,485,0,485,0
17-03-2021,0,0,67,0,0,0,0,0,0,0,0,0,0,0,0,0,67,0
18-03-2021,0,0,0,0,0,0,0,0,0,0,0,0,0,0,266,0,266,0
19-03-2021,0,0,80,0,0,0,0,0,0,0,0,0,0,0,446,0,526,0
20-03-2021,0,0,60,0,0,0,0,0,0,0,0,0,0,0,0,0,60,0
21-03-2021,0,0,52,0,0,0,0,0,0,0,0,0,0,0,0,0,52,0
22-03-2021,0,0,0,0,0,149,0,0,0,0,0,0,0,0,355,0,504,0
23-03-2021,0,0,43,0,0,0,0,0,0,0,0,0,0,0,0,0,43,0
24-03-2021,0,0,50,0,0,0,0,0,0,0,0,0,0,0,0,919,969,0
25-03-2021,0,0,0,0,0,0,0,0,0,0,0,0,0,0,0,0,0,0
26-03-2021,0,0,0,0,0,0,0,0,0,0,0,0,0,0,0,0,0,0
27-03-2021,0,0,71,0,0,0,0,0,0,0,0,0,0,0,451,0,522,0
28-03-2021,0,0,61,0,0,0,0,0,0,0,0,0,0,0,0,0,61,0
29-03-2021,0,0,67,0,0,0,0,0,0,0,0,0,0,0,0,0,67,0
30-03-2021,0,0,0,0,0,0,0,0,0,0,0,0,0,0,637,0,637,0
31-03-2021,3087,0,0,0,0,0,0,0,0,0,0,8800,0,0,271,0,12158,0
01-04-2021,0,0,0,0,0,0,0,0,0,0,0,0,0,0,0,0,0,40000
02-04-2021,0,10000,0,0,0,0,0,0,0,0,0,0,0,0,0,0,10000,0
03-04-2021,0,0,43,1030,0,0,0,0,0,0,0,0,0,0,0,0,1073,0
04-04-2021,0,0,50,0,0,0,0,0,0,0,0,0,0,0,217,403,670,0
05-04-2021,0,0,50,0,0,0,0,0,0,1668,4070,0,0,0,0,0,5788,0
06-04-2021,0,0,46,0,0,0,0,0,0,0,0,0,0,0,0,0,46,0
07-04-2021,0,0,0,0,0,0,0,0,0,0,0,0,0,0,0,270,270,0
08-04-2021,774,0,78,0,391,0,0,0,0,0,0,0,0,0,295,0,1538,0
09-04-2021,0,0,66,0,0,0,0,0,0,0,0,0,0,0,0,0,66,0
10-04-2021,0,0,42,0,0,0,0,0,0,0,0,0,0,0,0,677,719,0
11-04-2021,999,0,80,0,0,0,0,0,0,0,0,0,0,0,0,1723,2802,0
12-04-2021,0,0,42,0,0,0,2708,0,0,0,0,0,0,0,62,0,2812,0
13-04-2021,0,0,52,0,0,0,0,0,0,0,0,0,0,0,561,0,613,0
14-04-2021,0,0,75,0,0,0,0,0,0,0,0,0,0,0,0,0,75,0
15-04-2021,0,0,70,0,0,0,0,695,0,0,0,0,0,0,186,0,951,0
16-04-2021,2852,0,0,0,0,0,0,0,0,0,0,0,0,0,0,0,2852,0
17-04-2021,2156,0,76,0,0,0,0,0,0,0,0,0,0,0,0,1154,3386,0
18-04-2021,0,0,0,0,0,0,0,0,0,0,0,0,0,0,0,0,0,0
19-04-2021,0,0,78,0,0,0,0,0,0,0,0,0,0,0,0,730,808,0
20-04-2021,0,0,45,0,0,0,0,0,0,0,0,0,0,0,361,0,406,0
21-04-2021,0,0,40,0,0,0,0,0,0,0,0,0,0,0,0,0,40,0
22-04-2021,342,0,0,0,0,0,0,0,0,0,0,0,0,0,0,875,1217,0
23-04-2021,0,0,63,0,0,0,0,0,0,0,0,0,0,0,0,0,63,0
24-04-2021,0,0,40,0,0,0,0,0,0,0,0,0,0,0,0,1313,1353,0
25-04-2021,0,0,51,0,0,0,0,0,0,0,0,0,0,0,0,0,51,0
26-04-2021,0,0,41,0,0,0,0,0,0,0,0,0,0,0,0,0,41,0
27-04-2021,0,0,42,0,0,0,0,0,0,0,0,0,0,0,0,0,42,0
28-04-2021,0,0,72,0,0,0,0,0,0,0,0,0,0,0,355,189,616,0
29-04-2021,0,0,67,0,0,0,0,0,0,0,0,0,0,0,83,0,150,0
30-04-2021,0,0,61,0,0,0,0,0,0,0,0,9307,0,0,583,0,9951,0
01-05-2021,2562,0,54,0,0,0,0,0,0,0,0,0,0,0,0,0,2616,40000
02-05-2021,0,10000,57,0,0,0,0,0,0,0,0,0,0,0,0,1647,11704,0
03-05-2021,0,0,44,866,0,0,0,0,0,0,0,0,0,0,0,1541,2451,0
04-05-2021,2734,0,51,0,0,0,0,0,0,0,0,0,0,0,369,0,3154,0
05-05-2021,0,0,65,0,0,0,0,0,0,1523,3923,0,0,0,519,0,6030,0
06-05-2021,0,0,83,0,0,0,0,0,0,0,0,0,0,0,438,0,521,0
07-05-2021,0,0,66,0,0,0,0,0,0,0,0,0,0,0,0,0,66,0
08-05-2021,0,0,41,0,379,0,0,0,0,0,0,0,0,0,0,315,735,0
09-05-2021,0,0,60,0,0,0,0,0,0,0,0,0,0,0,0,0,60,0
10-05-2021,0,0,84,0,0,0,0,0,0,0,0,0,0,0,188,0,272,0
11-05-2021,0,0,0,0,0,0,0,0,0,0,0,0,0,0,0,1239,1239,0
12-05-2021,0,0,0,0,0,0,1969,0,0,0,0,0,0,0,0,1482,3451,0
13-05-2021,0,0,68,0,0,0,0,0,0,0,0,0,0,0,0,0,68,0
14-05-2021,0,0,80,0,0,0,0,0,0,0,0,0,0,0,0,418,498,0
15-05-2021,1898,0,0,0,0,0,0,790,0,0,0,0,0,0,0,348,3036,0
16-05-2021,0,0,42,0,0,0,0,0,0,0,0,0,0,0,0,0,42,0
17-05-2021,0,0,57,0,0,0,0,0,0,0,0,0,0,0,0,0,57,0
18-05-2021,0,0,49,0,0,0,0,0,0,0,0,0,0,0,627,0,676,0
19-05-2021,0,0,48,0,0,0,0,0,0,0,0,0,0,0,0,0,48,0
20-05-2021,0,0,0,0,0,0,0,0,0,0,0,0,0,0,211,0,211,0
21-05-2021,0,0,77,0,0,0,0,0,0,0,0,0,0,0,0,0,77,0
22-05-2021,0,0,73,0,0,0,0,0,0,0,0,0,0,0,0,0,73,0
23-05-2021,0,0,82,0,0,0,0,0,0,0,0,0,0,0,0,872,954,0
24-05-2021,0,0,40,0,0,0,0,0,0,0,0,0,0,0,45,0,85,0
25-05-2021,0,0,0,0,0,0,0,0,0,0,0,0,0,0,0,189,189,0
26-05-2021,0,0,62,0,0,0,0,0,0,0,0,0,0,0,0,202,264,0
27-05-2021,0,0,71,0,0,0,0,0,0,0,0,0,0,0,0,0,71,0
28-05-2021,0,0,60,0,0,0,0,0,0,0,0,0,0,0,133,0,193,0
29-05-2021,0,0,0,0,0,0,0,0,0,0,0,0,0,0,0,0,0,0
30-05-2021,0,0,61,0,0,0,0,0,0,0,0,0,0,0,0,0,61,0
31-05-2021,0,0,62,0,0,0,0,0,0,0,0,9829,0,0,0,0,9891,0
01-06-2021,0,0,72,0,0,0,0,0,0,0,0,0,0,0,0,0,72,40000
02-06-2021,1557,10000,75,0,0,0,0,0,0,0,0,0,0,0,0,0,11632,0
03-06-2021,0,0,54,976,0,0,0,0,0,0,0,0,0,0,0,0,1030,0
04-06-2021,0,0,0,0,0,0,0,0,0,0,0,0,0,0,0,0,0,0
05-06-2021,0,0,52,0,0,0,0,0,0,1656,4283,0,0,0,0,0,5991,0
06-06-2021,0,0,68,0,0,0,0,0,0,0,0,0,0,0,0,0,68,0
07-06-2021,0,0,0,0,0,0,0,0,0,0,0,0,0,0,0,0,0,0
08-06-2021,2088,0,0,0,341,0,0,0,0,0,0,0,0,0,0,0,2429,0
09-06-2021,3015,0,55,0,0,0,0,0,0,0,0,0,0,0,0,0,3070,0
10-06-2021,0,0,0,0,0,0,0,0,0,0,0,0,0,0,223,0,223,0
11-06-2021,0,0,0,0,0,0,0,0,0,0,0,0,0,0,0,591,591,0
12-06-2021,0,0,0,0,0,0,2257,0,0,0,0,0,0,0,558,0,2815,0
13-06-2021,0,0,0,0,0,0,0,0,0,0,0,0,0,0,0,0,0,0
14-06-2021,0,0,54,0,0,0,0,0,0,0,0,0,0,0,0,372,426,0
15-06-2021,0,0,43,0,0,0,0,861,0,0,0,0,0,1455,0,0,2359,0
16-06-2021,0,0,82,0,0,0,0,0,0,0,0,0,0,0,0,0,82,0
17-06-2021,2255,0,54,0,0,0,0,0,0,0,0,0,0,0,0,0,2309,0
18-06-2021,0,0,0,0,0,0,0,0,0,0,0,0,0,0,0,534,534,0
19-06-2021,0,0,46,0,0,0,0,0,0,0,0,0,0,0,0,0,46,0
20-06-2021,0,0,70,0,0,0,0,0,0,0,0,0,0,0,0,0,70,0
21-06-2021,0,0,81,0,0,0,0,0,0,0,0,0,0,0,0,0,81,0
22-06-2021,0,0,79,0,0,0,0,0,0,0,0,0,0,0,0,0,79,0
23-06-2021,0,0,65,0,0,0,0,0,0,0,0,0,0,0,0,0,65,0
24-06-2021,0,0,0,0,0,0,0,0,0,0,0,0,0,0,0,0,0,0
25-06-2021,0,0,40,0,0,0,0,0,0,0,0,0,0,0,0,0,40,0
26-06-2021,0,0,46,0,0,0,0,0,0,0,0,0,0,0,0,0,46,0
27-06-2021,0,0,0,0,0,0,0,0,0,0,0,0,0,0,364,0,364,0
28-06-2021,704,0,61,0,0,0,0,0,0,0,0,0,0,0,0,0,765,0
29-06-2021,0,0,0,0,0,0,0,0,0,0,0,0,0,0,0,1577,1577,0
30-06-2021,0,0,0,0,0,0,0,0,0,0,0,9405,0,0,0,0,9405,0
01-07-2021,1975,0,77,0,0,0,0,0,0,0,0,0,0,0,0,0,2052,40000
02-07-2021,0,10000,0,0,0,0,0,0,0,0,0,0,0,0,424,0,10424,0
03-07-2021,0,0,0,1036,0,0,0,0,0,0,0,0,0,0,532,0,1568,0
04-07-2021,0,0,53,0,0,0,0,0,0,0,0,0,0,0,0,0,53,0
05-07-2021,0,0,55,0,0,0,0,0,0,1734,4291,0,0,0,0,0,6080,0
06-07-2021,0,0,58,0,0,0,0,0,0,0,0,0,0,0,0,0,58,0
07-07-2021,0,0,63,0,0,0,0,0,0,0,0,0,0,0,0,0,63,0
08-07-2021,0,0,0,0,412,0,0,0,0,0,0,0,0,0,0,0,412,0
09-07-2021,0,0,50,0,0,0,0,0,0,0,0,0,0,0,0,0,50,0
10-07-2021,0,0,50,0,0,0,0,0,0,0,0,0,0,0,0,0,50,0
11-07-2021,0,0,49,0,0,0,0,0,0,0,0,0,0,0,0,0,49,0
12-07-2021,0,0,61,0,0,0,2215,0,0,0,0,0,0,0,0,0,2276,0
13-07-2021,0,0,72,0,0,0,0,0,0,0,0,0,0,0,0,0,72,0
14-07-2021,0,0,0,0,0,0,0,0,0,0,0,0,0,0,0,0,0,0
15-07-2021,0,0,0,0,0,0,0,716,0,0,0,0,0,0,611,0,1327,0
16-07-2021,1225,0,47,0,0,0,0,0,0,0,0,0,0,0,0,0,1272,0
17-07-2021,0,0,82,0,0,0,0,0,0,0,0,0,0,0,0,0,82,0
18-07-2021,0,0,0,0,0,0,0,0,1407,0,0,0,0,0,0,0,1407,0
19-07-2021,0,0,70,0,0,0,0,0,0,0,0,0,0,0,0,0,70,0
20-07-2021,0,0,78,0,0,0,0,0,0,0,0,0,0,0,0,0,78,0
21-07-2021,0,0,50,0,0,0,0,0,0,0,0,0,0,0,0,812,862,0
22-07-2021,1082,0,49,0,0,0,0,0,0,0,0,0,0,0,608,0,1739,0
23-07-2021,0,0,47,0,0,0,0,0,0,0,0,0,0,0,63,0,110,0
24-07-2021,0,0,75,0,0,0,0,0,0,0,0,0,0,0,0,215,290,0
25-07-2021,330,0,62,0,0,0,0,0,0,0,0,0,0,0,326,0,718,0
26-07-2021,0,0,79,0,0,0,0,0,0,0,0,0,0,0,136,1416,1631,0
27-07-2021,0,0,70,0,0,0,0,0,0,0,0,0,0,0,0,0,70,0
28-07-2021,0,0,64,0,0,0,0,0,0,0,0,0,0,0,0,0,64,0
29-07-2021,0,0,78,0,0,0,0,0,1130,0,0,0,0,0,0,0,1208,0
30-07-2021,0,0,55,0,0,0,0,0,0,0,0,0,0,0,0,0,55,0
31-07-2021,2130,0,57,0,0,0,0,0,0,0,0,10132,0,0,0,0,12319,0
01-08-2021,0,0,0,0,0,0,0,0,0,0,0,0,0,0,0,0,0,40000
02-08-2021,0,10000,0,0,0,0,0,0,0,0,0,0,0,0,0,0,10000,0
03-08-2021,0,0,77,1036,0,0,0,0,0,0,0,0,0,0,475,1310,2898,0
04-08-2021,0,0,0,0,0,0,0,0,0,0,0,0,0,0,0,0,0,0
05-08-2021,0,0,49,0,0,0,0,0,0,1505,4055,0,0,0,201,0,5810,0
06-08-2021,2634,0,64,0,0,0,0,0,0,0,0,0,0,0,620,0,3318,0
07-08-2021,0,0,81,0,0,0,0,0,0,0,0,0,0,0,0,0,81,0
08-08-2021,0,0,56,0,408,0,0,0,0,0,0,0,0,0,133,0,597,0
09-08-2021,0,0,0,0,0,0,0,0,0,0,0,0,0,0,0,205,205,0
10-08-2021,0,0,41,0,0,0,0,0,0,0,0,0,0,0,0,0,41,0
11-08-2021,0,0,69,0,0,0,0,0,0,0,0,0,0,0,0,0,69,0
12-08-2021,0,0,54,0,0,0,2448,0,0,0,0,0,0,0,0,0,2502,0
13-08-2021,0,0,72,0,0,0,0,0,0,0,0,0,0,0,0,0,72,0
14-08-2021,0,0,0,0,0,0,0,0,0,0,0,0,0,0,0,0,0,0
15-08-2021,0,0,66,0,0,0,0,864,0,0,0,0,0,0,0,0,930,0
16-08-2021,2620,0,0,0,0,0,0,0,0,0,0,0,0,0,530,0,3150,0
17-08-2021,0,0,0,0,0,0,0,0,0,0,0,0,0,0,517,0,517,0
18-08-2021,0,0,0,0,0,0,0,0,0,0,0,0,0,0,0,1188,1188,0
19-08-2021,0,0,78,0,0,0,0,0,0,0,0,0,0,0,0,0,78,0
20-08-2021,0,0,0,0,0,0,0,0,0,0,0,0,0,0,0,0,0,0
21-08-2021,1276,0,52,0,0,0,0,0,0,0,0,0,0,0,0,0,1328,0
22-08-2021,0,0,74,0,0,0,0,0,0,0,0,0,0,0,234,0,308,0
23-08-2021,0,0,0,0,0,0,0,0,0,0,0,0,0,0,161,0,161,0
24-08-2021,0,0,53,0,0,0,0,0,0,0,0,0,0,0,0,969,1022,0
25-08-2021,0,0,65,0,0,0,0,0,0,0,0,0,0,0,235,0,300,0
26-08-2021,570,0,0,0,0,0,0,0,0,0,0,0,0,0,0,0,570,0
27-08-2021,0,0,62,0,0,0,0,0,0,0,0,0,0,0,0,0,62,0
28-08-2021,0,0,40,0,0,0,0,0,0,0,0,0,0,0,0,0,40,0
29-08-2021,0,0,0,0,0,0,0,0,0,0,0,0,0,0,505,1216,1721,0
30-08-2021,0,0,54,0,0,0,0,0,0,0,0,0,0,0,94,0,148,0
31-08-2021,0,0,0,0,0,0,0,0,0,0,0,9886,0,0,0,0,9886,0
01-09-2021,0,0,79,0,0,0,0,0,0,0,0,0,0,0,0,552,631,40000
02-09-2021,2016,10000,0,0,0,0,0,0,0,0,0,0,0,0,0,1310,13326,0
03-09-2021,0,0,41,1046,0,0,0,0,0,0,0,0,0,0,54,0,1141,0
04-09-2021,0,0,0,0,0,0,0,0,0,0,0,0,0,0,0,0,0,0
05-09-2021,3045,0,0,0,0,0,0,0,0,1719,4227,0,0,0,0,0,8991,0
06-09-2021,0,0,51,0,0,0,0,0,0,0,0,0,0,0,637,0,688,0
07-09-2021,0,0,81,0,0,0,0,0,0,0,0,0,0,0,0,0,81,0
08-09-2021,0,0,56,0,287,0,0,0,0,0,0,0,0,0,190,0,533,0
09-09-2021,0,0,0,0,0,0,0,0,0,0,0,0,0,0,0,0,0,0
10-09-2021,0,0,70,0,0,0,0,0,0,0,0,0,0,0,0,1031,1101,0
11-09-2021,1285,0,73,0,0,0,0,0,0,0,0,0,0,0,0,1521,2879,0
12-09-2021,0,0,0,0,0,0,2384,0,0,0,0,0,0,0,580,68,3032,0
13-09-2021,2238,0,74,0,0,0,0,0,0,0,0,0,0,0,146,0,2458,0
14-09-2021,0,0,56,0,0,0,0,0,0,0,0,0,0,0,0,0,56,0
15-09-2021,0,0,54,0,0,0,0,877,0,0,0,0,0,1377,211,1263,3782,0
16-09-2021,0,0,71,0,0,0,0,0,0,0,0,0,0,0,0,0,71,0
17-09-2021,0,0,0,0,0,0,0,0,0,0,0,0,0,0,607,0,607,0
18-09-2021,0,0,55,0,0,0,0,0,0,0,0,0,0,0,0,0,55,0
19-09-2021,0,0,73,0,0,0,0,0,0,0,0,0,0,0,477,1707,2257,0
20-09-2021,0,0,68,0,0,0,0,0,0,0,0,0,0,0,170,0,238,0
21-09-2021,0,0,49,0,0,0,0,0,0,0,0,0,0,0,0,884,933,0
22-09-2021,0,0,71,0,0,0,0,0,0,0,0,0,0,0,0,0,71,0
23-09-2021,0,0,0,0,0,0,0,0,0,0,0,0,0,0,0,0,0,0
24-09-2021,2423,0,0,0,0,0,0,0,0,0,0,0,0,0,0,0,2423,0
25-09-2021,0,0,0,0,0,0,0,0,0,0,0,0,0,0,0,0,0,0
26-09-2021,0,0,69,0,0,0,0,0,0,0,0,0,0,0,272,0,341,0
27-09-2021,1637,0,0,0,0,0,0,0,0,0,0,0,0,0,0,0,1637,0
28-09-2021,1782,0,73,0,0,0,0,0,0,0,0,0,0,0,429,0,2284,0
29-09-2021,0,0,41,0,0,0,0,0,0,0,0,0,0,0,0,1404,1445,0
30-09-2021,2181,0,74,0,0,0,0,0,0,0,0,8438,0,0,0,0,10693,0
01-10-2021,0,0,51,0,0,0,0,0,0,0,0,0,0,0,0,1547,1598,40000
02-10-2021,0,10000,47,0,0,0,0,0,0,0,0,0,0,0,0,0,10047,0
03-10-2021,0,0,82,861,0,0,0,0,0,0,0,0,0,0,400,0,1343,0
04-10-2021,0,0,75,0,0,0,0,0,0,0,0,0,0,0,0,0,75,0
05-10-2021,1704,0,0,0,0,0,0,0,0,1643,4119,0,0,0,0,0,7466,0
06-10-2021,0,0,58,0,0,0,0,0,0,0,0,0,0,0,189,0,247,0
07-10-2021,0,0,45,0,0,0,0,0,0,0,0,0,0,0,0,1219,1264,0
08-10-2021,0,0,58,0,379,0,0,0,0,0,0,0,0,0,245,0,682,0
09-10-2021,0,0,48,0,0,0,0,0,0,0,0,0,0,0,0,0,48,0
10-10-2021,0,0,0,0,0,0,0,0,0,0,0,0,0,0,0,0,0,0
11-10-2021,0,0,0,0,0,0,0,0,0,0,0,0,0,0,0,0,0,0
12-10-2021,789,0,46,0,0,0,2248,0,0,0,0,0,0,0,0,0,3083,0
13-10-2021,0,0,0,0,0,0,0,0,0,0,0,0,0,0,0,0,0,0
14-10-2021,0,0,63,0,0,0,0,0,0,0,0,0,0,0,0,294,357,0
15-10-2021,0,0,0,0,0,0,0,767,0,0,0,0,0,0,0,355,1122,0
16-10-2021,0,0,50,0,0,0,0,0,0,0,0,0,0,0,205,0,255,0
17-10-2021,2757,0,0,0,0,0,0,0,0,0,0,0,0,0,195,0,2952,0
18-10-2021,0,0,66,0,0,0,0,0,0,0,0,0,0,0,0,0,66,0
19-10-2021,0,0,77,0,0,0,0,0,0,0,0,0,0,0,468,0,545,0
20-10-2021,0,0,81,0,0,0,0,0,0,0,0,0,0,0,0,234,315,0
21-10-2021,0,0,80,0,0,0,0,0,0,0,0,0,0,0,625,0,705,0
22-10-2021,0,0,48,0,0,0,0,0,0,0,0,0,0,0,0,0,48,0
23-10-2021,0,0,75,0,0,0,0,0,0,0,0,0,0,0,593,0,668,0
24-10-2021,0,0,0,0,0,0,0,0,0,0,0,0,0,0,0,0,0,0
25-10-2021,973,0,57,0,0,0,0,0,0,0,0,0,0,0,0,0,1030,0
26-10-2021,0,0,75,0,0,0,0,0,0,0,0,0,0,0,0,0,75,0
27-10-2021,0,0,84,0,0,0,0,0,272,0,0,0,0,0,0,0,356,0
28-10-2021,0,0,44,0,0,0,0,0,859,0,0,0,0,0,0,0,903,0
29-10-2021,0,0,56,0,0,0,0,0,0,0,0,0,0,0,0,0,56,0
30-10-2021,0,0,80,0,0,0,0,0,0,0,0,0,0,0,0,0,80,0
31-10-2021,1164,0,53,0,0,0,0,0,0,0,0,10437,0,0,379,0,12033,0
01-11-2021,0,0,79,0,0,0,0,0,0,0,0,0,0,0,0,0,79,40000
02-11-2021,0,10000,0,0,0,0,0,0,0,0,0,0,0,0,0,0,10000,0
03-11-2021,907,0,59,921,0,0,0,0,0,0,0,0,0,0,590,0,2477,0
04-11-2021,0,0,0,0,0,0,0,0,0,0,0,0,0,0,0,0,0,0
05-11-2021,0,0,68,0,0,0,0,0,0,1610,3978,0,0,0,0,0,5656,0
06-11-2021,0,0,0,0,0,0,0,0,0,0,0,0,0,0,236,0,236,0
07-11-2021,0,0,0,0,0,0,0,0,0,0,0,0,0,0,0,0,0,0
08-11-2021,0,0,0,0,467,0,0,0,0,0,0,0,0,0,0,0,467,0
09-11-2021,0,0,47,0,0,0,0,0,0,0,0,0,0,0,50,0,97,0
10-11-2021,0,0,0,0,0,0,0,0,0,0,0,0,0,0,0,0,0,0
11-11-2021,0,0,50,0,0,0,0,0,0,0,0,0,0,0,0,476,526,0
12-11-2021,0,0,77,0,0,0,2501,0,0,0,0,0,0,0,256,0,2834,0
13-11-2021,2706,0,0,0,0,0,0,0,0,0,0,0,0,0,0,1739,4445,0
14-11-2021,899,0,76,0,0,0,0,0,0,0,0,0,0,0,0,0,975,0
15-11-2021,0,0,43,0,0,0,0,733,0,0,0,0,0,0,0,0,776,0
16-11-2021,0,0,0,0,0,0,0,0,0,0,0,0,0,0,564,0,564,0
17-11-2021,0,0,0,0,0,0,0,0,0,0,0,0,0,0,358,397,755,0
18-11-2021,0,0,69,0,0,0,0,0,0,0,0,0,0,0,0,0,69,0
19-11-2021,0,0,77,0,0,0,0,0,0,0,0,0,0,0,0,0,77,0
20-11-2021,0,0,49,0,0,0,0,0,0,0,0,0,0,0,0,0,49,0
21-11-2021,0,0,40,0,0,0,0,0,0,0,0,0,0,0,0,693,733,0
22-11-2021,756,0,40,0,0,0,0,0,0,0,0,0,0,0,544,0,1340,0
23-11-2021,0,0,66,0,0,0,0,0,0,0,0,0,0,0,180,0,246,0
24-11-2021,0,0,70,0,0,0,0,0,0,0,0,0,0,0,328,0,398,0
25-11-2021,1389,0,69,0,0,0,0,0,0,0,0,0,0,0,0,0,1458,0
26-11-2021,0,0,46,0,0,0,0,0,0,0,0,0,0,0,0,0,46,0
27-11-2021,2945,0,83,0,0,0,0,0,0,0,0,0,0,0,0,0,3028,0
28-11-2021,0,0,81,0,0,0,0,0,1054,0,0,0,0,0,0,0,1135,0
29-11-2021,1864,0,0,0,0,0,0,0,0,0,0,0,0,0,141,0,2005,0
30-11-2021,0,0,57,0,0,0,0,0,0,0,0,8779,0,0,0,0,8836,0
01-12-2021,0,0,43,0,0,0,0,0,0,0,0,0,0,0,0,0,43,40000
02-12-2021,0,10000,64,0,0,0,0,0,0,0,0,0,0,0,168,0,10232,0
03-12-2021,2763,0,48,1028,0,0,0,0,0,0,0,0,0,0,0,0,3839,0
04-12-2021,0,0,0,0,0,0,0,0,1560,0,0,0,0,0,0,0,1560,0
05-12-2021,0,0,54,0,0,0,0,0,0,1582,4115,0,0,0,0,0,5751,0
06-12-2021,0,0,0,0,0,0,0,0,0,0,0,0,0,0,199,0,199,0
07-12-2021,0,0,62,0,0,0,0,0,0,0,0,0,0,0,0,383,445,0
08-12-2021,0,0,77,0,350,0,0,0,0,0,0,0,0,0,0,0,427,0
09-12-2021,0,0,55,0,0,0,0,0,0,0,0,0,0,0,330,1538,1923,0
10-12-2021,0,0,0,0,0,0,0,0,0,0,0,0,0,0,195,0,195,0
11-12-2021,2119,0,52,0,0,0,0,0,0,0,0,0,0,0,468,1165,3804,0
12-12-2021,0,0,0,0,0,0,2778,0,1422,0,0,0,0,0,0,0,4200,0
13-12-2021,0,0,42,0,0,0,0,0,0,0,0,0,0,0,0,0,42,0
14-12-2021,1441,0,44,0,0,0,0,0,0,0,0,0,0,0,0,862,2347,0
15-12-2021,0,0,50,0,0,0,0,742,0,0,0,0,0,1325,0,0,2117,0
16-12-2021,0,0,0,0,0,0,0,0,0,0,0,0,0,0,0,0,0,0
17-12-2021,0,0,58,0,0,0,0,0,0,0,0,0,0,0,0,0,58,0
18-12-2021,0,0,0,0,0,0,0,0,0,0,0,0,0,0,0,459,459,0
19-12-2021,0,0,79,0,0,0,0,0,0,0,0,0,0,0,0,0,79,0
20-12-2021,0,0,74,0,0,0,0,0,0,0,0,0,0,0,260,0,334,0
21-12-2021,0,0,60,0,0,0,0,0,0,0,0,0,0,0,88,0,148,0
22-12-2021,0,0,52,0,0,0,0,0,0,0,0,0,0,0,0,362,414,0
23-12-2021,0,0,63,0,0,0,0,0,0,0,0,0,0,0,159,0,222,0
24-12-2021,0,0,48,0,0,0,0,0,0,0,0,0,0,0,0,345,393,0
25-12-2021,0,0,62,0,0,0,0,0,0,0,0,0,0,0,0,77,139,0
26-12-2021,0,0,80,0,0,0,0,0,0,0,0,0,0,0,574,1148,1802,0
27-12-2021,0,0,0,0,0,0,0,0,0,0,0,0,0,0,0,195,195,0
28-12-2021,0,0,63,0,0,0,0,0,0,0,0,0,0,0,0,478,541,0
29-12-2021,0,0,73,0,0,0,0,0,0,0,0,0,0,0,0,0,73,0
30-12-2021,0,0,0,0,0,0,0,0,0,0,0,0,0,0,0,979,979,0
31-12-2021,0,0,0,0,0,0,0,0,0,0,0,10087,0,0,0,0,10087,0
01-01-2022,0,0,0,0,0,0,0,0,0,0,0,0,0,0,0,0,0,43200
02-01-2022,0,10000,63,0,0,0,0,0,0,0,0,0,0,0,0,240,10303,0
03-01-2022,0,0,0,958,0,0,0,0,0,0,0,0,0,0,635,0,1593,0
04-01-2022,0,0,54,0,0,0,0,0,0,0,0,0,0,0,0,0,54,0
05-01-2022,0,0,47,0,0,0,0,0,0,1823,4588,0,5500,0,545,316,12819,0
06-01-2022,0,0,52,0,0,0,0,0,0,0,0,0,0,0,0,0,52,0
07-01-2022,0,0,46,0,0,0,0,0,0,0,0,0,0,0,0,1560,1606,0
08-01-2022,0,0,44,0,436,0,0,0,0,0,0,0,0,0,0,0,480,0
09-01-2022,0,0,41,0,0,0,0,0,0,0,0,0,0,0,0,0,41,0
10-01-2022,0,0,74,0,0,0,0,0,0,0,0,0,0,0,0,0,74,0
11-01-2022,0,0,58,0,0,0,0,0,0,0,0,0,0,0,0,0,58,0
12-01-2022,0,0,0,0,0,0,2638,0,0,0,0,0,0,0,0,919,3557,0
13-01-2022,0,0,64,0,0,0,0,0,0,0,0,0,0,0,608,1665,2337,0
14-01-2022,0,0,0,0,0,0,0,0,0,0,0,0,0,0,0,0,0,0
15-01-2022,2481,0,0,0,0,0,0,832,0,0,0,0,0,0,0,0,3313,0
16-01-2022,0,0,65,0,0,0,0,0,0,0,0,0,0,0,308,0,373,0
17-01-2022,865,0,65,0,0,0,0,0,0,0,0,0,0,0,0,0,930,0
18-01-2022,0,0,0,0,0,0,0,0,0,0,0,0,0,0,0,718,718,0
19-01-2022,0,0,43,0,0,0,0,0,0,0,0,0,0,0,0,0,43,0
20-01-2022,0,0,0,0,0,0,0,0,0,0,0,0,0,0,111,892,1003,0
21-01-2022,0,0,75,0,0,0,0,0,0,0,0,0,0,0,233,0,308,0
22-01-2022,0,0,0,0,0,0,0,0,0,0,0,0,0,0,140,0,140,0
23-01-2022,2173,0,63,0,0,0,0,0,0,0,0,0,0,0,0,0,2236,0
24-01-2022,0,0,0,0,0,0,0,0,0,0,0,0,0,0,0,0,0,0
25-01-2022,0,0,0,0,0,0,0,0,0,0,0,0,0,0,0,0,0,0
26-01-2022,0,0,52,0,0,0,0,0,0,0,0,0,0,0,0,0,52,0
27-01-2022,0,0,46,0,0,0,0,0,0,0,0,0,0,0,0,0,46,0
28-01-2022,0,0,0,0,0,0,0,0,0,0,0,0,0,0,625,0,625,0
29-01-2022,0,0,61,0,0,0,0,0,0,0,0,0,0,0,0,0,61,0
30-01-2022,0,0,41,0,0,0,0,0,0,0,0,0,0,0,0,0,41,0
31-01-2022,0,0,0,0,0,0,0,0,0,0,0,12649,0,0,641,0,13290,0
01-02-2022,0,0,48,0,0,0,0,0,0,0,0,0,0,0,0,0,48,43200
02-02-2022,0,10000,0,0,0,0,0,0,0,0,0,0,0,0,0,0,10000,0
03-02-2022,0,0,43,850,0,0,0,0,0,0,0,0,0,0,83,0,976,0
04-02-2022,0,0,75,0,0,0,0,0,0,0,0,0,0,0,623,0,698,0
05-02-2022,0,0,52,0,0,0,0,0,0,1862,4412,0,5500,0,0,0,11826,0
06-02-2022,0,0,0,0,0,0,0,0,0,0,0,0,0,0,95,0,95,0
07-02-2022,0,0,0,0,0,0,0,0,0,0,0,0,0,0,0,0,0,0
08-02-2022,0,0,65,0,386,0,0,0,0,0,0,0,0,0,322,0,773,0
09-02-2022,1139,0,63,0,0,0,0,0,0,0,0,0,0,0,265,1457,2924,0
10-02-2022,0,0,74,0,0,0,0,0,0,0,0,0,0,0,0,0,74,0
11-02-2022,0,0,0,0,0,0,0,0,0,0,0,0,0,0,0,0,0,0
12-02-2022,0,0,53,0,0,0,1721,0,0,0,0,0,0,0,0,0,1774,0
13-02-2022,2216,0,83,0,0,0,0,0,0,0,0,0,0,0,501,370,3170,0
14-02-2022,0,0,55,0,0,0,0,0,0,0,0,0,0,0,0,897,952,0
15-02-2022,0,0,0,0,0,0,0,779,0,0,0,0,0,0,0,0,779,0
16-02-2022,0,0,54,0,0,0,0,0,0,0,0,0,0,0,0,0,54,0
17-02-2022,0,0,41,0,0,0,0,0,0,0,0,0,0,0,509,0,550,0
18-02-2022,0,0,40,0,0,0,0,0,0,0,0,0,0,0,0,951,991,0
19-02-2022,0,0,65,0,0,0,0,0,0,0,0,0,0,0,51,0,116,0
20-02-2022,0,0,66,0,0,0,0,0,0,0,0,0,0,0,591,0,657,0
21-02-2022,0,0,55,0,0,0,0,0,0,0,0,0,0,0,0,0,55,0
22-02-2022,0,0,80,0,0,0,0,0,0,0,0,0,0,0,0,0,80,0
23-02-2022,0,0,0,0,0,0,0,0,0,0,0,0,0,0,0,0,0,0
24-02-2022,0,0,0,0,0,0,0,0,0,0,0,0,0,0,0,0,0,0
25-02-2022,0,0,0,0,0,0,0,0,0,0,0,0,0,0,0,0,0,0
26-02-2022,0,0,66,0,0,0,0,0,0,0,0,0,0,0,211,0,277,0
27-02-2022,0,0,46,0,0,0,0,0,0,0,0,0,0,0,468,496,1010,0
28-02-2022,0,0,0,0,0,0,0,0,0,0,0,11565,0,0,0,90,11655,0
01-03-2022,0,0,56,0,0,0,0,0,0,0,0,0,0,0,0,0,56,43200
02-03-2022,0,10000,0,0,0,0,0,0,0,0,0,0,0,0,392,0,10392,0
03-03-2022,0,0,68,934,0,0,0,0,0,0,0,0,0,0,0,545,1547,0
04-03-2022,0,0,56,0,0,0,0,0,0,0,0,0,0,0,0,0,56,0
05-03-2022,454,0,82,0,0,0,0,0,0,1897,4775,0,5500,0,0,0,12708,0
06-03-2022,0,0,0,0,0,0,0,0,0,0,0,0,0,0,0,0,0,0
07-03-2022,0,0,41,0,0,0,0,0,0,0,0,0,0,0,0,0,41,0
08-03-2022,0,0,82,0,463,0,0,0,0,0,0,0,0,0,0,0,545,0
09-03-2022,0,0,75,0,0,0,0,0,0,0,0,0,0,0,0,0,75,0
10-03-2022,0,0,55,0,0,0,0,0,0,0,0,0,0,0,0,0,55,0
11-03-2022,0,0,46,0,0,0,0,0,0,0,0,0,0,0,0,248,294,0
12-03-2022,0,0,42,0,0,0,2744,0,0,0,0,0,0,0,0,0,2786,0
13-03-2022,0,0,51,0,0,0,0,0,0,0,0,0,0,0,0,0,51,0
14-03-2022,0,0,60,0,0,0,0,0,0,0,0,0,0,0,602,136,798,0
15-03-2022,0,0,41,0,0,0,0,702,0,0,0,0,0,1753,0,0,2496,0
16-03-2022,0,0,0,0,0,0,0,0,0,0,0,0,0,0,0,0,0,0
17-03-2022,823,0,75,0,0,0,0,0,0,0,0,0,0,0,0,0,898,0
18-03-2022,0,0,71,0,0,0,0,0,0,0,0,0,0,0,0,0,71,0
19-03-2022,0,0,0,0,0,0,0,0,0,0,0,0,0,0,216,0,216,0
20-03-2022,1710,0,0,0,0,0,0,0,0,0,0,0,0,0,553,0,2263,0
21-03-2022,0,0,0,0,0,0,0,0,0,0,0,0,0,0,0,0,0,0
22-03-2022,0,0,49,0,0,0,0,0,0,0,0,0,0,0,0,0,49,0
23-03-2022,0,0,70,0,0,0,0,0,0,0,0,0,0,0,0,0,70,0
24-03-2022,0,0,61,0,0,0,0,0,0,0,0,0,0,0,0,1085,1146,0
25-03-2022,0,0,47,0,0,0,0,0,0,0,0,0,0,0,0,701,748,0
26-03-2022,1039,0,50,0,0,0,0,0,0,0,0,0,0,0,236,0,1325,0
27-03-2022,0,0,53,0,0,0,0,0,0,0,0,0,0,0,0,0,53,0
28-03-2022,0,0,59,0,0,0,0,0,0,0,0,0,0,0,0,0,59,0
29-03-2022,0,0,83,0,0,0,0,0,0,0,0,0,0,0,0,1463,1546,0
30-03-2022,0,0,0,0,0,0,0,0,0,0,0,0,0,0,272,106,378,0
31-03-2022,1124,0,57,0,0,0,0,0,0,0,0,12809,0,0,0,0,13990,0
01-04-2022,324,0,81,0,0,0,0,0,0,0,0,0,0,0,81,392,878,43200
02-04-2022,0,10000,79,0,0,0,0,0,0,0,0,0,0,0,253,484,10816,0
03-04-2022,0,0,63,995,0,0,0,0,0,0,0,0,0,0,0,0,1058,0
04-04-2022,0,0,0,0,0,0,0,0,0,0,0,0,0,0,0,0,0,0
05-04-2022,0,0,0,0,0,0,0,0,0,1838,4723,0,5500,0,303,0,12364,0
06-04-2022,2227,0,73,0,0,0,0,0,0,0,0,0,0,0,136,0,2436,0
07-04-2022,0,0,68,0,0,0,0,0,0,0,0,0,0,0,0,1328,1396,0
08-04-2022,0,0,0,0,387,0,0,0,0,0,0,0,0,0,0,1046,1433,0
09-04-2022,0,0,0,0,0,0,0,0,0,0,0,0,0,0,278,0,278,0
10-04-2022,0,0,0,0,0,0,0,0,0,0,0,0,0,0,0,0,0,0
11-04-2022,0,0,81,0,0,0,0,0,0,0,0,0,0,0,0,0,81,0
12-04-2022,0,0,60,0,0,0,2766,0,0,0,0,0,0,0,644,0,3470,0
13-04-2022,0,0,84,0,0,0,0,0,0,0,0,0,0,0,0,712,796,0
14-04-2022,0,0,43,0,0,0,0,0,1775,0,0,0,0,0,0,0,1818,0
15-04-2022,2871,0,72,0,0,0,0,780,0,0,0,0,0,0,0,0,3723,0
16-04-2022,0,0,73,0,0,0,0,0,0,0,0,0,0,0,0,0,73,0
17-04-2022,0,0,81,0,0,0,0,0,0,0,0,0,0,0,0,1178,1259,0
18-04-2022,0,0,0,0,0,0,0,0,0,0,0,0,0,0,0,0,0,0
19-04-2022,0,0,49,0,0,0,0,0,0,0,0,0,0,0,0,0,49,0
20-04-2022,0,0,0,0,0,0,0,0,0,0,0,0,0,0,0,0,0,0
21-04-2022,0,0,74,0,0,0,0,0,0,0,0,0,0,0,0,0,74,0
22-04-2022,0,0,84,0,0,0,0,0,0,0,0,0,0,0,360,1142,1586,0
23-04-2022,0,0,56,0,0,0,0,0,1619,0,0,0,0,0,194,0,1869,0
24-04-2022,2406,0,61,0,0,0,0,0,621,0,0,0,0,0,0,0,3088,0
25-04-2022,0,0,70,0,0,0,0,0,0,0,0,0,0,0,0,0,70,0
26-04-2022,0,0,0,0,0,0,0,0,0,0,0,0,0,0,0,0,0,0
27-04-2022,0,0,55,0,0,0,0,0,0,0,0,0,0,0,0,0,55,0
28-04-2022,0,0,51,0,0,0,0,0,0,0,0,0,0,0,0,0,51,0
29-04-2022,0,0,0,0,0,0,0,0,0,0,0,0,0,0,552,0,552,0
30-04-2022,0,0,52,0,0,0,0,0,0,0,0,11218,0,0,0,469,11739,0
01-05-2022,1440,0,46,0,0,0,0,0,0,0,0,0,0,0,0,0,1486,43200
02-05-2022,0,10000,0,0,0,0,0,0,0,0,0,0,0,0,477,0,10477,0
03-05-2022,2951,0,60,1037,0,0,0,0,0,0,0,0,0,0,0,0,4048,0
04-05-2022,0,0,56,0,0,0,0,0,0,0,0,0,0,0,503,0,559,0
05-05-2022,1315,0,72,0,0,0,0,0,0,1920,4462,0,5500,0,0,0,13269,0
06-05-2022,0,0,49,0,0,0,0,0,0,0,0,0,0,0,0,0,49,0
07-05-2022,1282,0,0,0,0,0,0,0,0,0,0,0,0,0,510,0,1792,0
08-05-2022,0,0,45,0,399,0,0,0,0,0,0,0,0,0,0,0,444,0
09-05-2022,0,0,0,0,0,0,0,0,0,0,0,0,0,0,0,0,0,0
10-05-2022,0,0,59,0,0,0,0,0,0,0,0,0,0,0,208,0,267,0
11-05-2022,0,0,52,0,0,0,0,0,0,0,0,0,0,0,0,0,52,0
12-05-2022,0,0,81,0,0,0,2103,0,0,0,0,0,0,0,0,992,3176,0
13-05-2022,0,0,58,0,0,0,0,0,0,0,0,0,0,0,0,0,58,0
14-05-2022,2321,0,75,0,0,0,0,0,0,0,0,0,0,0,228,0,2624,0
15-05-2022,0,0,53,0,0,0,0,875,0,0,0,0,0,0,234,0,1162,0
16-05-2022,0,0,56,0,0,0,0,0,0,0,0,0,0,0,289,0,345,0
17-05-2022,0,0,0,0,0,0,0,0,0,0,0,0,0,0,0,0,0,0
18-05-2022,0,0,40,0,0,0,0,0,0,0,0,0,0,0,120,0,160,0
19-05-2022,0,0,71,0,0,0,0,0,0,0,0,0,0,0,0,1038,1109,0
20-05-2022,0,0,70,0,0,0,0,0,0,0,0,0,0,0,0,1111,1181,0
21-05-2022,0,0,48,0,0,0,0,0,0,0,0,0,0,0,0,0,48,0
22-05-2022,0,0,43,0,0,238,0,0,0,0,0,0,0,0,0,0,281,0
23-05-2022,0,0,59,0,0,0,0,0,0,0,0,0,0,0,487,0,546,0
24-05-2022,0,0,51,0,0,0,0,0,0,0,0,0,0,0,0,429,480,0
25-05-2022,0,0,49,0,0,0,0,0,0,0,0,0,0,0,0,0,49,0
26-05-2022,0,0,78,0,0,0,0,0,0,0,0,0,0,0,510,0,588,0
27-05-2022,1739,0,54,0,0,0,0,0,0,0,0,0,0,0,238,0,2031,0
28-05-2022,0,0,68,0,0,0,0,0,0,0,0,0,0,0,0,0,68,0
29-05-2022,0,0,56,0,0,0,0,0,866,0,0,0,0,0,0,0,922,0
30-05-2022,0,0,63,0,0,0,0,0,0,0,0,0,0,0,0,0,63,0
31-05-2022,0,0,74,0,0,0,0,0,0,0,0,12045,0,0,0,0,12119,0
01-06-2022,0,0,45,0,0,0,0,0,0,0,0,0,0,0,379,0,424,43200
02-06-2022,0,10000,0,0,0,0,0,0,0,0,0,0,0,0,498,0,10498,0
03-06-2022,0,0,51,916,0,0,0,0,0,0,0,0,0,0,0,0,967,0
04-06-2022,0,0,51,0,0,0,0,0,0,0,0,0,0,0,0,0,51,0
05-06-2022,0,0,44,0,0,0,0,0,0,1877,4572,0,5500,0,0,1189,13182,0
06-06-2022,0,0,50,0,0,0,0,0,0,0,0,0,0,0,94,465,609,0
07-06-2022,0,0,55,0,0,0,0,0,0,0,0,0,0,0,581,0,636,0
08-06-2022,0,0,77,0,370,0,0,0,0,0,0,0,0,0,0,418,865,0
09-06-2022,0,0,72,0,0,0,0,0,0,0,0,0,0,0,0,1239,1311,0
10-06-2022,0,0,0,0,0,0,0,0,0,0,0,0,0,0,615,737,1352,0
11-06-2022,462,0,55,0,0,0,0,0,0,0,0,0,0,0,0,0,517,0
12-06-2022,0,0,0,0,0,0,2715,0,0,0,0,0,0,0,0,1387,4102,0
13-06-2022,864,0,46,0,0,0,0,0,0,0,0,0,0,0,477,0,1387,0
14-06-2022,0,0,0,0,0,0,0,0,0,0,0,0,0,0,600,0,600,0
15-06-2022,0,0,0,0,0,0,0,858,0,0,0,0,0,1538,396,0,2792,0
16-06-2022,0,0,72,0,0,0,0,0,0,0,0,0,0,0,0,0,72,0
17-06-2022,0,0,0,0,0,0,0,0,0,0,0,0,0,0,0,720,720,0
18-06-2022,0,0,0,0,0,0,0,0,0,0,0,0,0,0,0,259,259,0
19-06-2022,2605,0,49,0,0,0,0,0,0,0,0,0,0,0,0,0,2654,0
20-06-2022,0,0,75,0,0,0,0,0,0,0,0,0,0,0,411,0,486,0
21-06-2022,0,0,84,0,0,0,0,0,0,0,0,0,0,0,50,0,134,0
22-06-2022,558,0,40,0,0,0,0,0,0,0,0,0,0,0,0,0,598,0
23-06-2022,0,0,66,0,0,0,0,0,0,0,0,0,0,0,382,0,448,0
24-06-2022,0,0,46,0,0,0,0,0,397,0,0,0,0,0,395,0,838,0
25-06-2022,0,0,70,0,0,0,0,0,0,0,0,0,0,0,0,0,70,0
26-06-2022,0,0,0,0,0,0,0,0,0,0,0,0,0,0,0,598,598,0
27-06-2022,913,0,79,0,0,0,0,0,0,0,0,0,0,0,183,0,1175,0
28-06-2022,0,0,66,0,0,0,0,0,0,0,0,0,0,0,244,0,310,0
29-06-2022,0,0,0,0,0,0,0,0,0,0,0,0,0,0,82,586,668,0
30-06-2022,0,0,62,0,0,0,0,0,0,0,0,11764,0,0,149,0,11975,0
01-07-2022,0,0,0,0,0,0,0,0,0,0,0,0,0,0,0,854,854,43200
02-07-2022,0,10000,0,0,0,0,0,0,0,0,0,0,0,0,141,1551,11692,0
03-07-2022,0,0,50,852,0,0,0,0,0,0,0,0,0,0,0,894,1796,0
04-07-2022,0,0,74,0,0,0,0,0,0,0,0,0,0,0,40,0,114,0
05-07-2022,0,0,73,0,0,0,0,0,0,1956,4799,0,5500,0,0,0,12328,0
06-07-2022,1805,0,49,0,0,0,0,0,0,0,0,0,0,0,202,0,2056,0
07-07-2022,0,0,0,0,0,0,0,0,0,0,0,0,0,0,0,1664,1664,0
08-07-2022,0,0,43,0,406,0,0,0,0,0,0,0,0,0,0,1406,1855,0
09-07-2022,2340,0,69,0,0,0,0,0,0,0,0,0,0,0,0,0,2409,0
10-07-2022,0,0,61,0,0,0,0,0,0,0,0,0,0,0,0,0,61,0
11-07-2022,0,0,57,0,0,0,0,0,0,0,0,0,0,0,0,0,57,0
12-07-2022,901,0,78,0,0,0,1983,0,0,0,0,0,0,0,0,0,2962,0
13-07-2022,0,0,0,0,0,0,0,0,0,0,0,0,0,0,200,0,200,0
14-07-2022,0,0,0,0,0,0,0,0,0,0,0,0,0,0,538,260,798,0
15-07-2022,0,0,51,0,0,0,0,761,0,0,0,0,0,0,36,0,848,0
16-07-2022,0,0,0,0,0,0,0,0,0,0,0,0,0,0,386,0,386,0
17-07-2022,0,0,48,0,0,0,0,0,0,0,0,0,0,0,138,0,186,0
18-07-2022,0,0,68,0,0,0,0,0,0,0,0,0,0,0,465,1304,1837,0
19-07-2022,1752,0,81,0,0,0,0,0,0,0,0,0,0,0,0,0,1833,0
20-07-2022,1186,0,77,0,0,0,0,0,0,0,0,0,0,0,0,0,1263,0
21-07-2022,0,0,83,0,0,0,0,0,0,0,0,0,0,0,0,0,83,0
22-07-2022,0,0,0,0,0,233,0,0,0,0,0,0,0,0,53,0,286,0
23-07-2022,0,0,42,0,0,0,0,0,0,0,0,0,0,0,0,1373,1415,0
24-07-2022,1108,0,41,0,0,0,0,0,0,0,0,0,0,0,0,0,1149,0
25-07-2022,0,0,52,0,0,0,0,0,0,0,0,0,0,0,0,0,52,0
26-07-2022,0,0,64,0,0,0,0,0,0,0,0,0,0,0,0,935,999,0
27-07-2022,0,0,0,0,0,0,0,0,0,0,0,0,0,0,0,0,0,0
28-07-2022,0,0,81,0,0,0,0,0,0,0,0,0,0,0,0,0,81,0
29-07-2022,1881,0,75,0,0,0,0,0,0,0,0,0,0,0,0,0,1956,0
30-07-2022,0,0,69,0,0,0,0,0,0,0,0,0,0,0,353,1561,1983,0
31-07-2022,2558,0,54,0,0,0,0,0,0,0,0,13119,0,0,576,0,16307,0
01-08-2022,0,0,68,0,0,0,0,0,0,0,0,0,0,0,0,0,68,43200
02-08-2022,0,10000,62,0,0,0,0,0,0,0,0,0,0,0,96,0,10158,0
03-08-2022,0,0,44,1046,0,0,0,0,0,0,0,0,0,0,0,0,1090,0
04-08-2022,0,0,69,0,0,0,0,0,0,0,0,0,0,0,0,0,69,0
05-08-2022,0,0,45,0,0,0,0,0,0,1990,4821,0,5500,0,0,0,12356,0
06-08-2022,745,0,49,0,0,0,0,0,0,0,0,0,0,0,94,0,888,0
07-08-2022,0,0,51,0,0,0,0,0,0,0,0,0,0,0,0,504,555,0
08-08-2022,0,0,80,0,368,0,0,0,0,0,0,0,0,0,545,947,1940,0
09-08-2022,0,0,0,0,0,0,0,0,0,0,0,0,0,0,155,681,836,0
10-08-2022,914,0,58,0,0,0,0,0,0,0,0,0,0,0,484,0,1456,0
11-08-2022,0,0,44,0,0,0,0,0,0,0,0,0,0,0,53,0,97,0
12-08-2022,0,0,55,0,0,0,2753,0,0,0,0,0,0,0,0,0,2808,0
13-08-2022,0,0,74,0,0,0,0,0,1365,0,0,0,0,0,375,0,1814,0
14-08-2022,0,0,41,0,0,0,0,0,0,0,0,0,0,0,0,0,41,0
15-08-2022,0,0,53,0,0,0,0,708,0,0,0,0,0,0,461,0,1222,0
16-08-2022,1132,0,62,0,0,0,0,0,0,0,0,0,0,0,0,0,1194,0
17-08-2022,0,0,0,0,0,0,0,0,0,0,0,0,0,0,0,0,0,0
18-08-2022,0,0,0,0,0,0,0,0,0,0,0,0,0,0,0,775,775,0
19-08-2022,0,0,60,0,0,0,0,0,369,0,0,0,0,0,447,0,876,0
20-08-2022,0,0,50,0,0,0,0,0,0,0,0,0,0,0,641,1075,1766,0
21-08-2022,1240,0,0,0,0,0,0,0,0,0,0,0,0,0,0,0,1240,0
22-08-2022,0,0,64,0,0,0,0,0,0,0,0,0,0,0,0,0,64,0
23-08-2022,0,0,52,0,0,0,0,0,0,0,0,0,0,0,0,1364,1416,0
24-08-2022,0,0,61,0,0,0,0,0,0,0,0,0,0,0,411,0,472,0
25-08-2022,0,0,79,0,0,0,0,0,0,0,0,0,0,0,236,0,315,0
26-08-2022,1924,0,84,0,0,0,0,0,839,0,0,0,0,0,196,1571,4614,0
27-08-2022,0,0,71,0,0,0,0,0,0,0,0,0,0,0,349,0,420,0
28-08-2022,2098,0,0,0,0,0,0,0,0,0,0,0,0,0,0,1384,3482,0
29-08-2022,0,0,57,0,0,0,0,0,0,0,0,0,0,0,0,0,57,0
30-08-2022,0,0,62,0,0,0,0,0,0,0,0,0,0,0,0,0,62,0
31-08-2022,0,0,0,0,0,0,0,0,0,0,0,12753,0,0,0,0,12753,0
01-09-2022,0,0,71,0,0,0,0,0,0,0,0,0,0,0,0,0,71,43200
02-09-2022,0,10000,59,0,0,0,0,0,0,0,0,0,0,0,0,0,10059,0
03-09-2022,0,0,69,993,0,0,0,0,0,0,0,0,0,0,296,0,1358,0
04-09-2022,0,0,74,0,0,0,0,0,0,0,0,0,0,0,0,0,74,0
05-09-2022,0,0,59,0,0,0,0,0,0,1790,4533,0,5500,0,461,308,12651,0
06-09-2022,0,0,40,0,0,0,0,0,0,0,0,0,0,0,0,0,40,0
07-09-2022,0,0,0,0,0,0,0,0,0,0,0,0,0,0,567,0,567,0
08-09-2022,0,0,53,0,385,0,0,0,0,0,0,0,0,0,520,1776,2734,0
09-09-2022,2237,0,71,0,0,0,0,0,0,0,0,0,0,0,0,0,2308,0
10-09-2022,0,0,81,0,0,0,0,0,0,0,0,0,0,0,259,0,340,0
11-09-2022,0,0,0,0,0,0,0,0,0,0,0,0,0,0,420,0,420,0
12-09-2022,0,0,0,0,0,0,2276,0,0,0,0,0,0,0,154,0,2430,0
13-09-2022,0,0,77,0,0,0,0,0,0,0,0,0,0,0,0,0,77,0
14-09-2022,2786,0,68,0,0,0,0,0,0,0,0,0,0,0,142,0,2996,0
15-09-2022,1401,0,42,0,0,0,0,818,0,0,0,0,0,1690,0,0,3951,0
16-09-2022,0,0,0,0,0,0,0,0,0,0,0,0,0,0,0,0,0,0
17-09-2022,0,0,62,0,0,0,0,0,0,0,0,0,0,0,545,1492,2099,0
18-09-2022,0,0,72,0,0,0,0,0,0,0,0,0,0,0,579,1591,2242,0
19-09-2022,0,0,75,0,0,0,0,0,0,0,0,0,0,0,0,0,75,0
20-09-2022,0,0,69,0,0,0,0,0,0,0,0,0,0,0,440,0,509,0
21-09-2022,2627,0,57,0,0,0,0,0,0,0,0,0,0,0,71,1287,4042,0
22-09-2022,1686,0,83,0,0,0,0,0,0,0,0,0,0,0,404,1747,3920,0
23-09-2022,0,0,0,0,0,0,0,0,0,0,0,0,0,0,0,0,0,0
24-09-2022,0,0,84,0,0,0,0,0,0,0,0,0,0,0,124,0,208,0
25-09-2022,0,0,78,0,0,0,0,0,0,0,0,0,0,0,317,0,395,0
26-09-2022,1785,0,78,0,0,0,0,0,0,0,0,0,0,0,510,0,2373,0
27-09-2022,0,0,46,0,0,0,0,0,0,0,0,0,0,0,391,0,437,0
28-09-2022,0,0,50,0,0,0,0,0,0,0,0,0,0,0,0,0,50,0
29-09-2022,0,0,58,0,0,0,0,0,0,0,0,0,0,0,0,0,58,0
30-09-2022,0,0,0,0,0,0,0,0,0,0,0,12839,0,0,427,0,13266,0
01-10-2022,0,0,43,0,0,0,0,0,0,0,0,0,0,0,0,0,43,43200
02-10-2022,0,10000,49,0,0,0,0,0,0,0,0,0,0,0,0,1539,11588,0
03-10-2022,2259,0,45,851,0,0,0,0,0,0,0,0,0,0,0,0,3155,0
04-10-2022,0,0,68,0,0,0,0,0,0,0,0,0,0,0,0,0,68,0
05-10-2022,0,0,0,0,0,0,0,0,0,1937,4752,0,5500,0,0,0,12189,0
06-10-2022,0,0,72,0,0,0,0,0,0,0,0,0,0,0,593,186,851,0
07-10-2022,0,0,46,0,0,0,0,0,0,0,0,0,0,0,0,0,46,0
08-10-2022,0,0,63,0,469,0,0,0,0,0,0,0,0,0,32,724,1288,0
09-10-2022,0,0,76,0,0,0,0,0,0,0,0,0,0,0,0,0,76,0
10-10-2022,0,0,55,0,0,0,0,0,0,0,0,0,0,0,0,1278,1333,0
11-10-2022,0,0,49,0,0,0,0,0,0,0,0,0,0,0,0,0,49,0
12-10-2022,0,0,49,0,0,0,1838,0,0,0,0,0,0,0,36,0,1923,0
13-10-2022,0,0,0,0,0,0,0,0,0,0,0,0,0,0,77,0,77,0
14-10-2022,0,0,43,0,0,0,0,0,0,0,0,0,0,0,0,1253,1296,0
15-10-2022,0,0,55,0,0,0,0,766,0,0,0,0,0,0,0,0,821,0
16-10-2022,0,0,0,0,0,0,0,0,0,0,0,0,0,0,591,0,591,0
17-10-2022,0,0,48,0,0,0,0,0,0,0,0,0,0,0,0,0,48,0
18-10-2022,0,0,56,0,0,0,0,0,0,0,0,0,0,0,0,0,56,0
19-10-2022,0,0,79,0,0,0,0,0,0,0,0,0,0,0,0,0,79,0
20-10-2022,0,0,0,0,0,0,0,0,0,0,0,0,0,0,357,0,357,0
21-10-2022,3169,0,0,0,0,0,0,0,248,0,0,0,0,0,0,0,3417,0
22-10-2022,0,0,0,0,0,0,0,0,0,0,0,0,0,0,0,0,0,0
23-10-2022,0,0,47,0,0,0,0,0,0,0,0,0,0,0,0,0,47,0
24-10-2022,0,0,66,0,0,0,0,0,0,0,0,0,0,0,0,0,66,0
25-10-2022,0,0,0,0,0,0,0,0,0,0,0,0,0,0,0,1604,1604,0
26-10-2022,0,0,77,0,0,0,0,0,0,0,0,0,0,0,0,1517,1594,0
27-10-2022,0,0,48,0,0,0,0,0,0,0,0,0,0,0,0,0,48,0
28-10-2022,0,0,0,0,0,0,0,0,0,0,0,0,0,0,0,275,275,0
29-10-2022,0,0,44,0,0,0,0,0,0,0,0,0,0,0,0,0,44,0
30-10-2022,0,0,0,0,0,0,0,0,0,0,0,0,0,0,0,0,0,0
31-10-2022,0,0,44,0,0,0,0,0,0,0,0,13013,0,0,0,0,13057,0
01-11-2022,338,0,59,0,0,0,0,0,0,0,0,0,0,0,186,0,583,43200
02-11-2022,0,10000,83,0,0,0,0,0,0,0,0,0,0,0,0,0,10083,0
03-11-2022,0,0,64,895,0,0,0,0,0,0,0,0,0,0,236,0,1195,0
04-11-2022,0,0,56,0,0,0,0,0,0,0,0,0,0,0,0,0,56,0
05-11-2022,0,0,75,0,0,0,0,0,0,1968,4842,0,5500,0,291,0,12676,0
06-11-2022,0,0,73,0,0,0,0,0,0,0,0,0,0,0,0,0,73,0
07-11-2022,0,0,0,0,0,0,0,0,0,0,0,0,0,0,0,0,0,0
08-11-2022,0,0,57,0,295,0,0,0,0,0,0,0,0,0,0,445,797,0
09-11-2022,0,0,40,0,0,0,0,0,0,0,0,0,0,0,0,0,40,0
10-11-2022,0,0,81,0,0,0,0,0,0,0,0,0,0,0,249,0,330,0
11-11-2022,0,0,74,0,0,0,0,0,0,0,0,0,0,0,0,0,74,0
12-11-2022,0,0,55,0,0,0,1828,0,0,0,0,0,0,0,152,0,2035,0
13-11-2022,0,0,50,0,0,0,0,0,0,0,0,0,0,0,0,0,50,0
14-11-2022,0,0,76,0,0,0,0,0,0,0,0,0,0,0,555,1150,1781,0
15-11-2022,0,0,0,0,0,0,0,720,0,0,0,0,0,0,607,0,1327,0
16-11-2022,0,0,82,0,0,0,0,0,0,0,0,0,0,0,0,1698,1780,0
17-11-2022,0,0,69,0,0,0,0,0,0,0,0,0,0,0,151,0,220,0
18-11-2022,0,0,0,0,0,0,0,0,0,0,0,0,0,0,364,0,364,0
19-11-2022,0,0,70,0,0,0,0,0,0,0,0,0,0,0,629,0,699,0
20-11-2022,0,0,64,0,0,0,0,0,0,0,0,0,0,0,0,1079,1143,0
21-11-2022,0,0,76,0,0,0,0,0,0,0,0,0,0,0,0,0,76,0
22-11-2022,1467,0,56,0,0,0,0,0,0,0,0,0,0,0,0,462,1985,0
23-11-2022,0,0,0,0,0,0,0,0,0,0,0,0,0,0,0,1735,1735,0
24-11-2022,0,0,72,0,0,0,0,0,0,0,0,0,0,0,401,0,473,0
25-11-2022,0,0,69,0,0,0,0,0,0,0,0,0,0,0,0,1757,1826,0
26-11-2022,0,0,60,0,0,0,0,0,0,0,0,0,0,0,0,0,60,0
27-11-2022,0,0,82,0,0,0,0,0,0,0,0,0,0,0,0,0,82,0
28-11-2022,620,0,84,0,0,0,0,0,0,0,0,0,0,0,46,0,750,0
29-11-2022,0,0,47,0,0,0,0,0,0,0,0,0,0,0,277,0,324,0
30-11-2022,0,0,0,0,0,0,0,0,0,0,0,12515,0,0,292,0,12807,0
01-12-2022,0,0,72,0,0,0,0,0,0,0,0,0,0,0,0,762,834,43200
02-12-2022,0,10000,80,0,0,0,0,0,0,0,0,0,0,0,0,0,10080,0
03-12-2022,0,0,0,1047,0,0,0,0,0,0,0,0,0,0,0,0,1047,0
04-12-2022,0,0,46,0,0,0,0,0,0,0,0,0,0,0,0,0,46,0
05-12-2022,0,0,46,0,0,0,0,0,0,1833,4881,0,5500,0,419,0,12679,0
06-12-2022,0,0,0,0,0,0,0,0,0,0,0,0,0,0,0,0,0,0
07-12-2022,0,0,0,0,0,0,0,0,0,0,0,0,0,0,0,0,0,0
08-12-2022,0,0,63,0,315,0,0,0,0,0,0,0,0,0,0,0,378,0
09-12-2022,721,0,0,0,0,0,0,0,0,0,0,0,0,0,0,0,721,0
10-12-2022,0,0,76,0,0,0,0,0,0,0,0,0,0,0,0,0,76,0
11-12-2022,0,0,49,0,0,0,0,0,0,0,0,0,0,0,455,0,504,0
12-12-2022,0,0,0,0,0,0,2025,0,0,0,0,0,0,0,0,0,2025,0
13-12-2022,2438,0,78,0,0,0,0,0,0,0,0,0,0,0,134,0,2650,0
14-12-2022,0,0,75,0,0,0,0,0,0,0,0,0,0,0,0,0,75,0
15-12-2022,0,0,78,0,0,0,0,825,0,0,0,0,0,1703,263,0,2869,0
16-12-2022,2337,0,0,0,0,0,0,0,0,0,0,0,0,0,0,0,2337,0
17-12-2022,0,0,72,0,0,0,0,0,0,0,0,0,0,0,0,1436,1508,0
18-12-2022,0,0,43,0,0,0,0,0,0,0,0,0,0,0,0,814,857,0
19-12-2022,0,0,0,0,0,0,0,0,0,0,0,0,0,0,564,0,564,0
20-12-2022,0,0,0,0,0,0,0,0,0,0,0,0,0,0,0,0,0,0
21-12-2022,2667,0,0,0,0,0,0,0,0,0,0,0,0,0,95,285,3047,0
22-12-2022,0,0,0,0,0,149,0,0,0,0,0,0,0,0,0,0,149,0
23-12-2022,0,0,73,0,0,0,0,0,0,0,0,0,0,0,0,0,73,0
24-12-2022,0,0,0,0,0,0,0,0,0,0,0,0,0,0,52,0,52,0
25-12-2022,0,0,79,0,0,0,0,0,0,0,0,0,0,0,546,818,1443,0
26-12-2022,0,0,43,0,0,0,0,0,0,0,0,0,0,0,0,0,43,0
27-12-2022,0,0,0,0,0,0,0,0,0,0,0,0,0,0,0,0,0,0
28-12-2022,0,0,44,0,0,0,0,0,0,0,0,0,0,0,559,0,603,0
29-12-2022,0,0,52,0,0,0,0,0,0,0,0,0,0,0,0,0,52,0
30-12-2022,0,0,0,0,0,0,0,0,0,0,0,0,0,0,0,0,0,0
31-12-2022,2236,0,45,0,0,0,0,0,0,0,0,12277,0,0,0,0,14558,0
01-01-2023,0,0,0,0,0,0,0,0,0,0,0,0,0,0,0,0,0,48000
02-01-2023,0,10000,0,0,0,0,0,0,0,0,0,0,0,0,374,1179,11553,0
03-01-2023,0,0,52,850,0,0,0,0,0,0,0,0,0,0,0,0,902,0
04-01-2023,0,0,77,0,0,0,0,0,0,0,0,0,0,0,300,0,377,0
05-01-2023,0,0,0,0,0,0,0,0,0,2177,5279,0,5500,0,0,0,12956,0
06-01-2023,2949,0,45,0,0,0,0,0,0,0,0,0,0,0,0,0,2994,0
07-01-2023,0,0,45,0,0,0,0,0,0,0,0,0,0,0,0,0,45,0
08-01-2023,0,0,61,0,407,0,0,0,0,0,0,0,0,0,0,0,468,0
09-01-2023,0,0,64,0,0,0,0,0,0,0,0,0,0,0,0,0,64,0
10-01-2023,0,0,60,0,0,0,0,0,0,0,0,0,0,0,0,0,60,0
11-01-2023,0,0,79,0,0,0,0,0,0,0,0,0,0,0,354,0,433,0
12-01-2023,0,0,53,0,0,0,1737,0,0,0,0,0,0,0,0,499,2289,0
13-01-2023,0,0,68,0,0,0,0,0,0,0,0,0,0,0,0,0,68,0
14-01-2023,1533,0,0,0,0,0,0,0,0,0,0,0,0,0,0,0,1533,0
15-01-2023,0,0,42,0,0,0,0,899,0,0,0,0,0,0,489,0,1430,0
16-01-2023,0,0,69,0,0,0,0,0,0,0,0,0,0,0,0,340,409,0
17-01-2023,0,0,47,0,0,0,0,0,0,0,0,0,0,0,0,143,190,0
18-01-2023,0,0,60,0,0,0,0,0,0,0,0,0,0,0,0,0,60,0
19-01-2023,0,0,48,0,0,0,0,0,0,0,0,0,0,0,0,0,48,0
20-01-2023,1765,0,58,0,0,0,0,0,0,0,0,0,0,0,0,0,1823,0
21-01-2023,0,0,48,0,0,0,0,0,0,0,0,0,0,0,0,401,449,0
22-01-2023,0,0,0,0,0,122,0,0,0,0,0,0,0,0,0,0,122,0
23-01-2023,0,0,42,0,0,0,0,0,0,0,0,0,0,0,0,0,42,0
24-01-2023,0,0,82,0,0,0,0,0,0,0,0,0,0,0,356,0,438,0
25-01-2023,0,0,53,0,0,0,0,0,0,0,0,0,0,0,0,0,53,0
26-01-2023,0,0,77,0,0,0,0,0,0,0,0,0,0,0,0,0,77,0
27-01-2023,961,0,63,0,0,0,0,0,0,0,0,0,0,0,0,0,1024,0
28-01-2023,0,0,0,0,0,0,0,0,0,0,0,0,0,0,0,0,0,0
29-01-2023,0,0,54,0,0,0,0,0,0,0,0,0,0,0,0,1365,1419,0
30-01-2023,0,0,42,0,0,0,0,0,0,0,0,0,0,0,0,0,42,0
31-01-2023,0,0,44,0,0,0,0,0,0,0,0,14275,0,0,0,0,14319,0
01-02-2023,0,0,76,0,0,0,0,0,0,0,0,0,0,0,0,0,76,48000
02-02-2023,312,10000,60,0,0,0,0,0,0,0,0,0,0,0,76,0,10448,0
03-02-2023,0,0,0,995,0,0,0,0,0,0,0,0,0,0,0,0,995,0
04-02-2023,0,0,0,0,0,0,0,0,0,0,0,0,0,0,641,0,641,0
05-02-2023,0,0,51,0,0,0,0,0,0,2232,5314,0,5500,0,0,1648,14745,0
06-02-2023,0,0,0,0,0,0,0,0,0,0,0,0,0,0,0,1775,1775,0
07-02-2023,1580,0,71,0,0,0,0,0,0,0,0,0,0,0,467,0,2118,0
08-02-2023,588,0,69,0,426,0,0,0,0,0,0,0,0,0,0,0,1083,0
09-02-2023,0,0,54,0,0,0,0,0,0,0,0,0,0,0,0,0,54,0
10-02-2023,0,0,58,0,0,0,0,0,1708,0,0,0,0,0,98,546,2410,0
11-02-2023,0,0,81,0,0,0,0,0,0,0,0,0,0,0,599,0,680,0
12-02-2023,0,0,71,0,0,0,2726,0,749,0,0,0,0,0,0,0,3546,0
13-02-2023,0,0,61,0,0,0,0,0,0,0,0,0,0,0,609,0,670,0
14-02-2023,0,0,83,0,0,0,0,0,0,0,0,0,0,0,0,0,83,0
15-02-2023,0,0,53,0,0,0,0,749,0,0,0,0,0,0,0,0,802,0
16-02-2023,0,0,49,0,0,0,0,0,0,0,0,0,0,0,0,0,49,0
17-02-2023,0,0,82,0,0,0,0,0,0,0,0,0,0,0,0,0,82,0
18-02-2023,0,0,81,0,0,0,0,0,0,0,0,0,0,0,133,1508,1722,0
19-02-2023,868,0,55,0,0,0,0,0,0,0,0,0,0,0,0,0,923,0
20-02-2023,0,0,45,0,0,0,0,0,0,0,0,0,0,0,0,796,841,0
21-02-2023,0,0,46,0,0,0,0,0,0,0,0,0,0,0,0,0,46,0
22-02-2023,0,0,73,0,0,0,0,0,0,0,0,0,0,0,0,0,73,0
23-02-2023,1034,0,58,0,0,0,0,0,0,0,0,0,0,0,506,0,1598,0
24-02-2023,0,0,54,0,0,0,0,0,0,0,0,0,0,0,492,0,546,0
25-02-2023,0,0,48,0,0,0,0,0,0,0,0,0,0,0,0,1663,1711,0
26-02-2023,0,0,52,0,0,0,0,0,0,0,0,0,0,0,0,0,52,0
27-02-2023,0,0,84,0,0,0,0,0,0,0,0,0,0,0,0,974,1058,0
28-02-2023,0,0,68,0,0,0,0,0,0,0,0,14909,0,0,0,0,14977,0
01-03-2023,2017,0,74,0,0,0,0,0,0,0,0,0,0,0,0,0,2091,48000
02-03-2023,0,10000,76,0,0,0,0,0,0,0,0,0,0,0,0,0,10076,0
03-03-2023,0,0,53,952,0,0,0,0,0,0,0,0,0,0,285,0,1290,0
04-03-2023,0,0,78,0,0,0,0,0,0,0,0,0,0,0,584,55,717,0
05-03-2023,0,0,56,0,0,0,0,0,0,2099,5232,0,5500,0,0,0,12887,0
06-03-2023,0,0,84,0,0,0,0,0,0,0,0,0,0,0,245,0,329,0
07-03-2023,0,0,0,0,0,0,0,0,0,0,0,0,0,0,639,1402,2041,0
08-03-2023,0,0,42,0,435,0,0,0,0,0,0,0,0,0,241,0,718,0
09-03-2023,925,0,0,0,0,0,0,0,0,0,0,0,0,0,0,0,925,0
10-03-2023,0,0,54,0,0,0,0,0,0,0,0,0,0,0,0,0,54,0
11-03-2023,0,0,61,0,0,0,0,0,0,0,0,0,0,0,0,0,61,0
12-03-2023,0,0,0,0,0,0,2329,0,0,0,0,0,0,0,94,0,2423,0
13-03-2023,2010,0,70,0,0,0,0,0,0,0,0,0,0,0,455,0,2535,0
14-03-2023,1013,0,46,0,0,0,0,0,0,0,0,0,0,0,0,0,1059,0
15-03-2023,760,0,77,0,0,0,0,680,0,0,0,0,0,1814,441,0,3772,0
16-03-2023,0,0,0,0,0,0,0,0,0,0,0,0,0,0,0,0,0,0
17-03-2023,0,0,0,0,0,0,0,0,0,0,0,0,0,0,281,795,1076,0
18-03-2023,0,0,82,0,0,0,0,0,0,0,0,0,0,0,0,1439,1521,0
19-03-2023,733,0,0,0,0,0,0,0,0,0,0,0,0,0,0,0,733,0
20-03-2023,0,0,81,0,0,0,0,0,0,0,0,0,0,0,271,841,1193,0
21-03-2023,387,0,69,0,0,0,0,0,0,0,0,0,0,0,0,0,456,0
22-03-2023,2886,0,54,0,0,238,0,0,0,0,0,0,0,0,0,0,3178,0
23-03-2023,0,0,80,0,0,0,0,0,0,0,0,0,0,0,582,0,662,0
24-03-2023,0,0,0,0,0,0,0,0,0,0,0,0,0,0,0,1365,1365,0
25-03-2023,0,0,56,0,0,0,0,0,0,0,0,0,0,0,510,0,566,0
26-03-2023,0,0,0,0,0,0,0,0,0,0,0,0,0,0,360,0,360,0
27-03-2023,0,0,0,0,0,0,0,0,0,0,0,0,0,0,0,1643,1643,0
28-03-2023,0,0,83,0,0,0,0,0,0,0,0,0,0,0,0,0,83,0
29-03-2023,0,0,52,0,0,0,0,0,0,0,0,0,0,0,403,0,455,0
30-03-2023,0,0,81,0,0,0,0,0,0,0,0,0,0,0,496,0,577,0
31-03-2023,0,0,48,0,0,0,0,0,0,0,0,14969,0,0,0,0,15017,0
01-04-2023,0,0,50,0,0,0,0,0,0,0,0,0,0,0,0,815,865,48000
02-04-2023,0,10000,53,0,0,0,0,0,0,0,0,0,0,0,147,1692,11892,0
03-04-2023,0,0,51,899,0,0,0,0,0,0,0,0,0,0,0,0,950,0
04-04-2023,0,0,63,0,0,0,0,0,0,0,0,0,0,0,0,0,63,0
05-04-2023,0,0,0,0,0,0,0,0,0,2203,5206,0,5500,0,0,0,12909,0
06-04-2023,0,0,49,0,0,0,0,0,0,0,0,0,0,0,0,77,126,0
07-04-2023,0,0,43,0,0,0,0,0,0,0,0,0,0,0,0,1051,1094,0
08-04-2023,0,0,70,0,297,0,0,0,0,0,0,0,0,0,0,0,367,0
09-04-2023,2181,0,75,0,0,0,0,0,0,0,0,0,0,0,441,0,2697,0
10-04-2023,0,0,62,0,0,0,0,0,0,0,0,0,0,0,0,1355,1417,0
11-04-2023,0,0,63,0,0,0,0,0,0,0,0,0,0,0,475,0,538,0
12-04-2023,0,0,0,0,0,0,2770,0,0,0,0,0,0,0,0,93,2863,0
13-04-2023,0,0,51,0,0,0,0,0,0,0,0,0,0,0,0,0,51,0
14-04-2023,2905,0,55,0,0,0,0,0,0,0,0,0,0,0,0,0,2960,0
15-04-2023,0,0,0,0,0,0,0,720,0,0,0,0,0,0,0,1485,2205,0
16-04-2023,0,0,52,0,0,0,0,0,0,0,0,0,0,0,0,0,52,0
17-04-2023,769,0,0,0,0,0,0,0,0,0,0,0,0,0,0,1681,2450,0
18-04-2023,0,0,44,0,0,0,0,0,0,0,0,0,0,0,0,0,44,0
19-04-2023,0,0,0,0,0,0,0,0,0,0,0,0,0,0,0,0,0,0
20-04-2023,0,0,65,0,0,0,0,0,1556,0,0,0,0,0,552,0,2173,0
21-04-2023,0,0,0,0,0,0,0,0,0,0,0,0,0,0,0,0,0,0
22-04-2023,0,0,0,0,0,0,0,0,0,0,0,0,0,0,0,0,0,0
23-04-2023,0,0,0,0,0,0,0,0,0,0,0,0,0,0,481,0,481,0
24-04-2023,0,0,58,0,0,0,0,0,0,0,0,0,0,0,441,0,499,0
25-04-2023,0,0,0,0,0,0,0,0,0,0,0,0,0,0,0,0,0,0
26-04-2023,0,0,59,0,0,0,0,0,0,0,0,0,0,0,350,0,409,0
27-04-2023,0,0,0,0,0,0,0,0,0,0,0,0,0,0,178,0,178,0
28-04-2023,0,0,76,0,0,0,0,0,0,0,0,0,0,0,197,0,273,0
29-04-2023,1360,0,0,0,0,0,0,0,0,0,0,0,0,0,55,0,1415,0
30-04-2023,465,0,0,0,0,0,0,0,0,0,0,14744,0,0,0,1701,16910,0
01-05-2023,2927,0,0,0,0,0,0,0,0,0,0,0,0,0,0,0,2927,48000
02-05-2023,0,10000,58,0,0,0,0,0,0,0,0,0,0,0,481,0,10539,0
03-05-2023,0,0,57,894,0,0,0,0,0,0,0,0,0,0,0,0,951,0
04-05-2023,0,0,55,0,0,0,0,0,0,0,0,0,0,0,363,0,418,0
05-05-2023,0,0,0,0,0,0,0,0,0,2249,4974,0,5500,0,119,0,12842,0
06-05-2023,0,0,55,0,0,0,0,0,0,0,0,0,0,0,0,0,55,0
07-05-2023,0,0,64,0,0,0,0,0,0,0,0,0,0,0,0,590,654,0
08-05-2023,0,0,0,0,424,0,0,0,0,0,0,0,0,0,292,82,798,0
09-05-2023,0,0,83,0,0,0,0,0,0,0,0,0,0,0,0,1685,1768,0
10-05-2023,0,0,42,0,0,0,0,0,0,0,0,0,0,0,0,0,42,0
11-05-2023,2820,0,66,0,0,0,0,0,0,0,0,0,0,0,0,744,3630,0
12-05-2023,0,0,0,0,0,0,1916,0,0,0,0,0,0,0,585,0,2501,0
13-05-2023,0,0,61,0,0,0,0,0,0,0,0,0,0,0,0,0,61,0
14-05-2023,0,0,70,0,0,0,0,0,0,0,0,0,0,0,0,777,847,0
15-05-2023,0,0,48,0,0,0,0,748,0,0,0,0,0,0,237,0,1033,0
16-05-2023,0,0,52,0,0,0,0,0,0,0,0,0,0,0,0,0,52,0
17-05-2023,0,0,49,0,0,0,0,0,0,0,0,0,0,0,0,1032,1081,0
18-05-2023,0,0,75,0,0,0,0,0,0,0,0,0,0,0,0,408,483,0
19-05-2023,0,0,77,0,0,0,0,0,0,0,0,0,0,0,0,0,77,0
20-05-2023,0,0,0,0,0,0,0,0,0,0,0,0,0,0,389,0,389,0
21-05-2023,1913,0,72,0,0,0,0,0,0,0,0,0,0,0,0,0,1985,0
22-05-2023,0,0,43,0,0,0,0,0,0,0,0,0,0,0,33,1791,1867,0
23-05-2023,0,0,70,0,0,0,0,0,0,0,0,0,0,0,242,1774,2086,0
24-05-2023,0,0,58,0,0,0,0,0,0,0,0,0,0,0,474,1121,1653,0
25-05-2023,0,0,82,0,0,0,0,0,0,0,0,0,0,0,480,0,562,0
26-05-2023,0,0,0,0,0,0,0,0,0,0,0,0,0,0,0,0,0,0
27-05-2023,0,0,83,0,0,0,0,0,0,0,0,0,0,0,0,0,83,0
28-05-2023,1512,0,64,0,0,0,0,0,0,0,0,0,0,0,444,698,2718,0
29-05-2023,0,0,0,0,0,0,0,0,0,0,0,0,0,0,0,0,0,0
30-05-2023,0,0,57,0,0,0,0,0,0,0,0,0,0,0,0,1704,1761,0
31-05-2023,0,0,0,0,0,0,0,0,0,0,0,16004,0,0,0,0,16004,0
01-06-2023,0,0,68,0,0,0,0,0,616,0,0,0,0,0,541,0,1225,48000
02-06-2023,0,10000,74,0,0,0,0,0,0,0,0,0,0,0,0,0,10074,0
03-06-2023,0,0,79,1021,0,0,0,0,0,0,0,0,0,0,0,0,1100,0
04-06-2023,0,0,58,0,0,0,0,0,0,0,0,0,0,0,0,0,58,0
05-06-2023,0,0,45,0,0,0,0,0,0,2232,5176,0,5500,0,505,73,13531,0
06-06-2023,0,0,51,0,0,0,0,0,0,0,0,0,0,0,0,0,51,0
07-06-2023,0,0,0,0,0,0,0,0,0,0,0,0,0,0,0,0,0,0
08-06-2023,0,0,41,0,335,0,0,0,0,0,0,0,0,0,0,0,376,0
09-06-2023,0,0,78,0,0,0,0,0,0,0,0,0,0,0,0,0,78,0
10-06-2023,0,0,83,0,0,0,0,0,1162,0,0,0,0,0,184,949,2378,0
11-06-2023,0,0,40,0,0,0,0,0,0,0,0,0,0,0,0,0,40,0
12-06-2023,1016,0,0,0,0,0,2873,0,0,0,0,0,0,0,0,0,3889,0
13-06-2023,2645,0,75,0,0,0,0,0,0,0,0,0,0,0,0,0,2720,0
14-06-2023,0,0,41,0,0,0,0,0,0,0,0,0,0,0,0,0,41,0
15-06-2023,0,0,83,0,0,0,0,801,0,0,0,0,0,1972,0,931,3787,0
16-06-2023,0,0,46,0,0,0,0,0,0,0,0,0,0,0,0,0,46,0
17-06-2023,0,0,54,0,0,0,0,0,0,0,0,0,0,0,0,0,54,0
18-06-2023,0,0,77,0,0,0,0,0,0,0,0,0,0,0,116,0,193,0
19-06-2023,0,0,0,0,0,0,0,0,0,0,0,0,0,0,0,0,0,0
20-06-2023,0,0,0,0,0,0,0,0,0,0,0,0,0,0,197,0,197,0
21-06-2023,0,0,48,0,0,0,0,0,0,0,0,0,0,0,0,0,48,0
22-06-2023,0,0,0,0,0,0,0,0,0,0,0,0,0,0,0,649,649,0
23-06-2023,0,0,55,0,0,0,0,0,0,0,0,0,0,0,0,0,55,0
24-06-2023,0,0,71,0,0,0,0,0,0,0,0,0,0,0,0,0,71,0
25-06-2023,0,0,46,0,0,0,0,0,0,0,0,0,0,0,75,0,121,0
26-06-2023,0,0,79,0,0,0,0,0,0,0,0,0,0,0,0,0,79,0
27-06-2023,0,0,45,0,0,0,0,0,0,0,0,0,0,0,229,0,274,0
28-06-2023,0,0,62,0,0,0,0,0,0,0,0,0,0,0,0,962,1024,0
29-06-2023,0,0,69,0,0,0,0,0,0,0,0,0,0,0,0,0,69,0
30-06-2023,0,0,65,0,0,0,0,0,0,0,0,14677,0,0,279,0,15021,0
01-07-2023,0,0,46,0,0,0,0,0,0,0,0,0,0,0,447,0,493,48000
02-07-2023,0,10000,68,0,0,0,0,0,0,0,0,0,0,0,0,0,10068,0
03-07-2023,0,0,42,964,0,0,0,0,738,0,0,0,0,0,0,1574,3318,0
04-07-2023,0,0,44,0,0,0,0,0,0,0,0,0,0,0,0,517,561,0
05-07-2023,0,0,0,0,0,0,0,0,0,2012,5140,0,5500,0,0,975,13627,0
06-07-2023,0,0,41,0,0,0,0,0,0,0,0,0,0,0,0,0,41,0
07-07-2023,0,0,59,0,0,0,0,0,0,0,0,0,0,0,245,0,304,0
08-07-2023,0,0,59,0,302,0,0,0,0,0,0,0,0,0,0,554,915,0
09-07-2023,0,0,0,0,0,0,0,0,0,0,0,0,0,0,0,0,0,0
10-07-2023,0,0,0,0,0,0,0,0,0,0,0,0,0,0,0,840,840,0
11-07-2023,0,0,0,0,0,0,0,0,0,0,0,0,0,0,186,0,186,0
12-07-2023,0,0,0,0,0,0,2694,0,0,0,0,0,0,0,0,0,2694,0
13-07-2023,381,0,0,0,0,0,0,0,0,0,0,0,0,0,546,0,927,0
14-07-2023,0,0,65,0,0,0,0,0,1629,0,0,0,0,0,0,656,2350,0
15-07-2023,0,0,58,0,0,0,0,755,0,0,0,0,0,0,0,0,813,0
16-07-2023,0,0,45,0,0,0,0,0,0,0,0,0,0,0,0,0,45,0
17-07-2023,0,0,43,0,0,0,0,0,0,0,0,0,0,0,129,98,270,0
18-07-2023,0,0,62,0,0,0,0,0,0,0,0,0,0,0,0,0,62,0
19-07-2023,0,0,0,0,0,0,0,0,0,0,0,0,0,0,0,0,0,0
20-07-2023,0,0,62,0,0,0,0,0,0,0,0,0,0,0,0,0,62,0
21-07-2023,0,0,72,0,0,0,0,0,0,0,0,0,0,0,0,0,72,0
22-07-2023,0,0,68,0,0,270,0,0,0,0,0,0,0,0,0,0,338,0
23-07-2023,0,0,82,0,0,0,0,0,0,0,0,0,0,0,0,0,82,0
24-07-2023,0,0,0,0,0,0,0,0,0,0,0,0,0,0,0,907,907,0
25-07-2023,0,0,55,0,0,0,0,0,0,0,0,0,0,0,646,0,701,0
26-07-2023,0,0,0,0,0,0,0,0,0,0,0,0,0,0,433,0,433,0
27-07-2023,0,0,78,0,0,0,0,0,0,0,0,0,0,0,438,779,1295,0
28-07-2023,0,0,73,0,0,0,0,0,0,0,0,0,0,0,0,0,73,0
29-07-2023,0,0,44,0,0,0,0,0,0,0,0,0,0,0,0,0,44,0
30-07-2023,0,0,0,0,0,0,0,0,0,0,0,0,0,0,0,367,367,0
31-07-2023,0,0,64,0,0,0,0,0,0,0,0,15599,0,0,0,684,16347,0
01-08-2023,0,0,74,0,0,0,0,0,0,0,0,0,0,0,0,0,74,48000
02-08-2023,1916,10000,0,0,0,0,0,0,0,0,0,0,0,0,0,0,11916,0
03-08-2023,0,0,68,996,0,0,0,0,0,0,0,0,0,0,0,0,1064,0
04-08-2023,0,0,45,0,0,0,0,0,398,0,0,0,0,0,515,1760,2718,0
05-08-2023,0,0,49,0,0,0,0,0,0,2234,5032,0,5500,0,607,171,13593,0
06-08-2023,0,0,45,0,0,0,0,0,0,0,0,0,0,0,0,802,847,0
07-08-2023,0,0,0,0,0,0,0,0,0,0,0,0,0,0,0,0,0,0
08-08-2023,501,0,57,0,402,0,0,0,0,0,0,0,0,0,0,0,960,0
09-08-2023,0,0,73,0,0,0,0,0,0,0,0,0,0,0,0,0,73,0
10-08-2023,0,0,0,0,0,0,0,0,0,0,0,0,0,0,0,772,772,0
11-08-2023,0,0,81,0,0,0,0,0,0,0,0,0,0,0,0,414,495,0
12-08-2023,0,0,54,0,0,0,2338,0,0,0,0,0,0,0,0,198,2590,0
13-08-2023,0,0,71,0,0,0,0,0,0,0,0,0,0,0,0,0,71,0
14-08-2023,0,0,56,0,0,0,0,0,0,0,0,0,0,0,0,0,56,0
15-08-2023,0,0,76,0,0,0,0,822,393,0,0,0,0,0,436,0,1727,0
16-08-2023,2620,0,65,0,0,0,0,0,0,0,0,0,0,0,0,0,2685,0
17-08-2023,0,0,70,0,0,0,0,0,316,0,0,0,0,0,0,260,646,0
18-08-2023,0,0,76,0,0,0,0,0,0,0,0,0,0,0,0,0,76,0
19-08-2023,0,0,49,0,0,0,0,0,0,0,0,0,0,0,0,1257,1306,0
20-08-2023,0,0,72,0,0,0,0,0,0,0,0,0,0,0,43,0,115,0
21-08-2023,0,0,0,0,0,0,0,0,0,0,0,0,0,0,549,0,549,0
22-08-2023,1392,0,75,0,0,0,0,0,0,0,0,0,0,0,0,0,1467,0
23-08-2023,436,0,80,0,0,0,0,0,0,0,0,0,0,0,0,0,516,0
24-08-2023,0,0,61,0,0,0,0,0,0,0,0,0,0,0,0,0,61,0
25-08-2023,0,0,57,0,0,0,0,0,0,0,0,0,0,0,0,0,57,0
26-08-2023,0,0,64,0,0,0,0,0,0,0,0,0,0,0,0,0,64,0
27-08-2023,0,0,47,0,0,0,0,0,0,0,0,0,0,0,0,1510,1557,0
28-08-2023,0,0,0,0,0,0,0,0,0,0,0,0,0,0,0,0,0,0
29-08-2023,0,0,0,0,0,0,0,0,0,0,0,0,0,0,0,0,0,0
30-08-2023,0,0,60,0,0,0,0,0,0,0,0,0,0,0,0,0,60,0
31-08-2023,0,0,72,0,0,0,0,0,0,0,0,15020,0,0,0,888,15980,0
01-09-2023,555,0,0,0,0,0,0,0,0,0,0,0,0,0,0,0,555,48000
02-09-2023,0,10000,0,0,0,0,0,0,0,0,0,0,0,0,0,0,10000,0
03-09-2023,0,0,45,993,0,0,0,0,0,0,0,0,0,0,0,0,1038,0
04-09-2023,0,0,0,0,0,0,0,0,0,0,0,0,0,0,245,0,245,0
05-09-2023,0,0,69,0,0,0,0,0,0,2206,5415,0,5500,0,251,292,13733,0
06-09-2023,0,0,62,0,0,0,0,0,0,0,0,0,0,0,116,0,178,0
07-09-2023,579,0,83,0,0,0,0,0,0,0,0,0,0,0,0,0,662,0
08-09-2023,0,0,68,0,443,0,0,0,0,0,0,0,0,0,0,0,511,0
09-09-2023,0,0,65,0,0,0,0,0,0,0,0,0,0,0,0,0,65,0
10-09-2023,0,0,83,0,0,0,0,0,0,0,0,0,0,0,0,0,83,0
11-09-2023,3115,0,65,0,0,0,0,0,0,0,0,0,0,0,155,0,3335,0
12-09-2023,0,0,0,0,0,0,2207,0,0,0,0,0,0,0,0,0,2207,0
13-09-2023,2273,0,55,0,0,0,0,0,0,0,0,0,0,0,0,985,3313,0
14-09-2023,0,0,84,0,0,0,0,0,0,0,0,0,0,0,499,0,583,0
15-09-2023,0,0,67,0,0,0,0,706,0,0,0,0,0,1994,166,0,2933,0
16-09-2023,0,0,0,0,0,0,0,0,0,0,0,0,0,0,407,0,407,0
17-09-2023,0,0,0,0,0,0,0,0,0,0,0,0,0,0,112,0,112,0
18-09-2023,0,0,0,0,0,0,0,0,0,0,0,0,0,0,527,0,527,0
19-09-2023,0,0,66,0,0,0,0,0,0,0,0,0,0,0,0,349,415,0
20-09-2023,0,0,84,0,0,0,0,0,0,0,0,0,0,0,0,0,84,0
21-09-2023,0,0,0,0,0,0,0,0,0,0,0,0,0,0,0,0,0,0
22-09-2023,0,0,75,0,0,195,0,0,527,0,0,0,0,0,0,1558,2355,0
23-09-2023,0,0,0,0,0,0,0,0,0,0,0,0,0,0,0,0,0,0
24-09-2023,0,0,63,0,0,0,0,0,0,0,0,0,0,0,283,0,346,0
25-09-2023,0,0,49,0,0,0,0,0,0,0,0,0,0,0,0,0,49,0
26-09-2023,0,0,63,0,0,0,0,0,0,0,0,0,0,0,202,0,265,0
27-09-2023,0,0,83,0,0,0,0,0,0,0,0,0,0,0,0,0,83,0
28-09-2023,0,0,0,0,0,0,0,0,0,0,0,0,0,0,0,695,695,0
29-09-2023,0,0,47,0,0,0,0,0,0,0,0,0,0,0,0,0,47,0
30-09-2023,854,0,0,0,0,0,0,0,0,0,0,14516,0,0,0,0,15370,0
01-10-2023,0,0,59,0,0,0,0,0,0,0,0,0,0,0,0,0,59,48000
02-10-2023,0,10000,0,0,0,0,0,0,0,0,0,0,0,0,0,0,10000,0
03-10-2023,0,0,83,1000,0,0,0,0,0,0,0,0,0,0,0,0,1083,0
04-10-2023,0,0,81,0,0,0,0,0,0,0,0,0,0,0,599,0,680,0
05-10-2023,0,0,48,0,0,0,0,0,0,2104,5258,0,5500,0,0,0,12910,0
06-10-2023,0,0,0,0,0,0,0,0,0,0,0,0,0,0,0,0,0,0
07-10-2023,0,0,43,0,0,0,0,0,0,0,0,0,0,0,266,1372,1681,0
08-10-2023,0,0,59,0,387,0,0,0,0,0,0,0,0,0,155,0,601,0
09-10-2023,0,0,62,0,0,0,0,0,0,0,0,0,0,0,0,0,62,0
10-10-2023,0,0,77,0,0,0,0,0,0,0,0,0,0,0,0,0,77,0
11-10-2023,0,0,48,0,0,0,0,0,0,0,0,0,0,0,0,1766,1814,0
12-10-2023,0,0,83,0,0,0,2653,0,0,0,0,0,0,0,0,745,3481,0
13-10-2023,0,0,0,0,0,0,0,0,0,0,0,0,0,0,0,0,0,0
14-10-2023,0,0,47,0,0,0,0,0,0,0,0,0,0,0,0,0,47,0
15-10-2023,0,0,0,0,0,0,0,808,0,0,0,0,0,0,0,0,808,0
16-10-2023,0,0,0,0,0,0,0,0,0,0,0,0,0,0,299,0,299,0
17-10-2023,0,0,0,0,0,0,0,0,0,0,0,0,0,0,0,0,0,0
18-10-2023,0,0,0,0,0,0,0,0,0,0,0,0,0,0,0,0,0,0
19-10-2023,0,0,43,0,0,0,0,0,0,0,0,0,0,0,0,0,43,0
20-10-2023,0,0,51,0,0,0,0,0,0,0,0,0,0,0,0,0,51,0
21-10-2023,0,0,64,0,0,0,0,0,0,0,0,0,0,0,0,1729,1793,0
22-10-2023,0,0,58,0,0,0,0,0,0,0,0,0,0,0,267,0,325,0
23-10-2023,1863,0,62,0,0,0,0,0,0,0,0,0,0,0,199,0,2124,0
24-10-2023,0,0,55,0,0,0,0,0,0,0,0,0,0,0,0,196,251,0
25-10-2023,0,0,52,0,0,0,0,0,0,0,0,0,0,0,0,0,52,0
26-10-2023,400,0,61,0,0,0,0,0,502,0,0,0,0,0,0,0,963,0
27-10-2023,0,0,67,0,0,0,0,0,0,0,0,0,0,0,0,0,67,0
28-10-2023,0,0,74,0,0,0,0,0,0,0,0,0,0,0,0,0,74,0
29-10-2023,0,0,83,0,0,0,0,0,0,0,0,0,0,0,0,0,83,0
30-10-2023,0,0,0,0,0,0,0,0,0,0,0,0,0,0,274,0,274,0
31-10-2023,343,0,0,0,0,0,0,0,0,0,0,15048,0,0,0,0,15391,0
01-11-2023,0,0,41,0,0,0,0,0,0,0,0,0,0,0,0,0,41,48000
02-11-2023,0,10000,63,0,0,0,0,0,0,0,0,0,0,0,37,635,10735,0
03-11-2023,0,0,0,1041,0,0,0,0,0,0,0,0,0,0,0,0,1041,0
04-11-2023,0,0,67,0,0,0,0,0,654,0,0,0,0,0,551,1188,2460,0
05-11-2023,0,0,42,0,0,0,0,0,0,2051,5369,0,5500,0,0,0,12962,0
06-11-2023,0,0,0,0,0,0,0,0,0,0,0,0,0,0,0,1687,1687,0
07-11-2023,1856,0,78,0,0,0,0,0,0,0,0,0,0,0,0,0,1934,0
08-11-2023,2905,0,76,0,429,0,0,0,0,0,0,0,0,0,0,0,3410,0
09-11-2023,0,0,61,0,0,0,0,0,0,0,0,0,0,0,0,907,968,0
10-11-2023,0,0,53,0,0,0,0,0,0,0,0,0,0,0,76,0,129,0
11-11-2023,2965,0,47,0,0,0,0,0,0,0,0,0,0,0,0,913,3925,0
12-11-2023,0,0,71,0,0,0,2896,0,0,0,0,0,0,0,0,1541,4508,0
13-11-2023,0,0,68,0,0,0,0,0,0,0,0,0,0,0,0,0,68,0
14-11-2023,0,0,47,0,0,0,0,0,0,0,0,0,0,0,0,0,47,0
15-11-2023,0,0,46,0,0,0,0,803,0,0,0,0,0,0,0,0,849,0
16-11-2023,0,0,75,0,0,0,0,0,0,0,0,0,0,0,0,0,75,0
17-11-2023,1377,0,63,0,0,0,0,0,0,0,0,0,0,0,227,0,1667,0
18-11-2023,0,0,0,0,0,0,0,0,0,0,0,0,0,0,51,1347,1398,0
19-11-2023,0,0,52,0,0,0,0,0,0,0,0,0,0,0,0,1701,1753,0
20-11-2023,1935,0,64,0,0,0,0,0,0,0,0,0,0,0,0,0,1999,0
21-11-2023,1665,0,60,0,0,0,0,0,0,0,0,0,0,0,0,137,1862,0
22-11-2023,2055,0,76,0,0,0,0,0,0,0,0,0,0,0,630,0,2761,0
23-11-2023,0,0,50,0,0,0,0,0,0,0,0,0,0,0,0,0,50,0
24-11-2023,0,0,74,0,0,0,0,0,0,0,0,0,0,0,138,1323,1535,0
25-11-2023,0,0,81,0,0,0,0,0,0,0,0,0,0,0,358,0,439,0
26-11-2023,0,0,54,0,0,0,0,0,0,0,0,0,0,0,0,0,54,0
27-11-2023,0,0,43,0,0,0,0,0,670,0,0,0,0,0,592,0,1305,0
28-11-2023,0,0,47,0,0,0,0,0,0,0,0,0,0,0,335,0,382,0
29-11-2023,0,0,43,0,0,0,0,0,0,0,0,0,0,0,0,0,43,0
30-11-2023,0,0,80,0,0,0,0,0,0,0,0,14303,0,0,0,489,14872,0
01-12-2023,0,0,0,0,0,0,0,0,0,0,0,0,0,0,0,0,0,48000
02-12-2023,2640,10000,64,0,0,0,0,0,0,0,0,0,0,0,0,0,12704,0
03-12-2023,2838,0,64,936,0,0,0,0,0,0,0,0,0,0,0,0,3838,0
04-12-2023,819,0,79,0,0,0,0,0,0,0,0,0,0,0,0,0,898,0
05-12-2023,0,0,0,0,0,0,0,0,0,2187,5262,0,5500,0,463,182,13594,0
06-12-2023,0,0,59,0,0,0,0,0,0,0,0,0,0,0,0,915,974,0
07-12-2023,897,0,43,0,0,0,0,0,0,0,0,0,0,0,0,0,940,0
08-12-2023,0,0,48,0,294,0,0,0,0,0,0,0,0,0,0,0,342,0
09-12-2023,0,0,77,0,0,0,0,0,0,0,0,0,0,0,0,0,77,0
10-12-2023,0,0,68,0,0,0,0,0,0,0,0,0,0,0,0,0,68,0
11-12-2023,0,0,67,0,0,0,0,0,0,0,0,0,0,0,0,0,67,0
12-12-2023,0,0,53,0,0,0,2635,0,0,0,0,0,0,0,0,0,2688,0
13-12-2023,0,0,43,0,0,0,0,0,0,0,0,0,0,0,645,0,688,0
14-12-2023,0,0,0,0,0,0,0,0,0,0,0,0,0,0,0,0,0,0
15-12-2023,0,0,59,0,0,0,0,713,0,0,0,0,0,1819,185,0,2776,0
16-12-2023,0,0,72,0,0,0,0,0,0,0,0,0,0,0,478,914,1464,0
17-12-2023,0,0,49,0,0,0,0,0,0,0,0,0,0,0,0,0,49,0
18-12-2023,0,0,73,0,0,0,0,0,0,0,0,0,0,0,287,760,1120,0
19-12-2023,0,0,58,0,0,0,0,0,0,0,0,0,0,0,0,0,58,0
20-12-2023,0,0,0,0,0,0,0,0,0,0,0,0,0,0,288,0,288,0
21-12-2023,1349,0,48,0,0,0,0,0,0,0,0,0,0,0,0,0,1397,0
22-12-2023,0,0,0,0,0,0,0,0,0,0,0,0,0,0,590,0,590,0
23-12-2023,0,0,0,0,0,0,0,0,0,0,0,0,0,0,623,0,623,0
24-12-2023,0,0,0,0,0,0,0,0,0,0,0,0,0,0,0,755,755,0
25-12-2023,0,0,0,0,0,0,0,0,0,0,0,0,0,0,0,0,0,0
26-12-2023,0,0,63,0,0,0,0,0,0,0,0,0,0,0,0,0,63,0
27-12-2023,0,0,62,0,0,0,0,0,0,0,0,0,0,0,0,0,62,0
28-12-2023,0,0,0,0,0,0,0,0,0,0,0,0,0,0,0,0,0,0
29-12-2023,3011,0,57,0,0,0,0,0,0,0,0,0,0,0,0,1701,4769,0
30-12-2023,0,0,62,0,0,0,0,0,0,0,0,0,0,0,0,0,62,0
31-12-2023,2861,0,62,0,0,0,0,0,0,0,0,15856,0,0,0,0,18779,0
01-01-2024,0,0,68,0,0,0,0,0,0,0,0,0,0,0,648,0,716,56000
02-01-2024,0,10000,58,0,0,0,0,0,0,0,0,0,0,0,0,0,10058,0
03-01-2024,0,0,0,962,0,0,0,0,0,0,0,0,0,0,0,0,962,0
04-01-2024,0,0,59,0,0,0,0,0,0,0,0,0,0,0,0,0,59,0
05-01-2024,0,0,82,0,0,0,0,0,0,2387,5673,0,0,0,0,0,8142,0
06-01-2024,0,0,81,0,0,0,0,0,0,0,0,0,0,0,0,0,81,0
07-01-2024,1069,0,80,0,0,0,0,0,0,0,0,0,0,0,0,0,1149,0
08-01-2024,0,0,0,0,321,0,0,0,0,0,0,0,0,0,583,0,904,0
09-01-2024,574,0,48,0,0,0,0,0,0,0,0,0,0,0,0,916,1538,0
10-01-2024,0,0,0,0,0,0,0,0,0,0,0,0,0,0,508,0,508,0
11-01-2024,0,0,82,0,0,0,0,0,0,0,0,0,0,0,0,0,82,0
12-01-2024,0,0,42,0,0,0,2031,0,0,0,0,0,0,0,0,258,2331,0
13-01-2024,2168,0,52,0,0,0,0,0,0,0,0,0,0,0,0,0,2220,0
14-01-2024,0,0,49,0,0,0,0,0,0,0,0,0,0,0,0,1725,1774,0
15-01-2024,0,0,72,0,0,0,0,855,0,0,0,0,0,0,0,1697,2624,0
16-01-2024,0,0,42,0,0,0,0,0,0,0,0,0,0,0,0,0,42,0
17-01-2024,654,0,0,0,0,0,0,0,0,0,0,0,0,0,0,0,654,0
18-01-2024,0,0,45,0,0,0,0,0,0,0,0,0,0,0,514,0,559,0
19-01-2024,0,0,82,0,0,0,0,0,0,0,0,0,0,0,0,0,82,0
20-01-2024,0,0,0,0,0,0,0,0,0,0,0,0,0,0,180,0,180,0
21-01-2024,0,0,0,0,0,0,0,0,0,0,0,0,0,0,0,0,0,0
22-01-2024,0,0,52,0,0,0,0,0,0,0,0,0,0,0,0,1567,1619,0
23-01-2024,0,0,60,0,0,0,0,0,0,0,0,0,0,0,0,0,60,0
24-01-2024,0,0,0,0,0,0,0,0,0,0,0,0,0,0,0,0,0,0
25-01-2024,0,0,0,0,0,0,0,0,0,0,0,0,0,0,39,0,39,0
26-01-2024,2870,0,56,0,0,0,0,0,0,0,0,0,0,0,0,0,2926,0
27-01-2024,0,0,47,0,0,0,0,0,0,0,0,0,0,0,0,0,47,0
28-01-2024,0,0,75,0,0,0,0,0,0,0,0,0,0,0,373,0,448,0
29-01-2024,0,0,0,0,0,0,0,0,0,0,0,0,0,0,0,0,0,0
30-01-2024,0,0,75,0,0,0,0,0,0,0,0,0,0,0,0,0,75,0
31-01-2024,0,0,44,0,0,0,0,0,0,0,0,18640,0,0,0,0,18684,0
01-02-2024,0,0,66,0,0,0,0,0,0,0,0,0,0,0,120,0,186,56000
02-02-2024,0,10000,0,0,0,0,0,0,0,0,0,0,0,0,317,0,10317,0
03-02-2024,0,0,0,1002,0,0,0,0,0,0,0,0,0,0,0,0,1002,0
04-02-2024,0,0,57,0,0,0,0,0,0,0,0,0,0,0,0,0,57,0
05-02-2024,0,0,0,0,0,0,0,0,0,2367,5580,0,0,0,446,0,8393,0
06-02-2024,0,0,0,0,0,0,0,0,0,0,0,0,0,0,0,0,0,0
07-02-2024,0,0,45,0,0,0,0,0,0,0,0,0,0,0,0,0,45,0
08-02-2024,2518,0,42,0,368,0,0,0,0,0,0,0,0,0,0,0,2928,0
09-02-2024,0,0,50,0,0,0,0,0,0,0,0,0,0,0,0,1229,1279,0
10-02-2024,0,0,83,0,0,0,0,0,0,0,0,0,0,0,0,984,1067,0
11-02-2024,1383,0,63,0,0,0,0,0,0,0,0,0,0,0,0,0,1446,0
12-02-2024,0,0,78,0,0,0,1705,0,0,0,0,0,0,0,228,331,2342,0
13-02-2024,0,0,66,0,0,0,0,0,0,0,0,0,0,0,73,1722,1861,0
14-02-2024,1659,0,65,0,0,0,0,0,0,0,0,0,0,0,237,0,1961,0
15-02-2024,0,0,61,0,0,0,0,766,0,0,0,0,0,0,0,0,827,0
16-02-2024,0,0,58,0,0,0,0,0,499,0,0,0,0,0,105,0,662,0
17-02-2024,2178,0,60,0,0,0,0,0,0,0,0,0,0,0,0,1093,3331,0
18-02-2024,0,0,68,0,0,0,0,0,0,0,0,0,0,0,0,0,68,0
19-02-2024,2290,0,0,0,0,0,0,0,0,0,0,0,0,0,0,0,2290,0
20-02-2024,0,0,60,0,0,0,0,0,0,0,0,0,0,0,0,0,60,0
21-02-2024,0,0,50,0,0,0,0,0,0,0,0,0,0,0,366,0,416,0
22-02-2024,3193,0,45,0,0,0,0,0,0,0,0,0,0,0,406,0,3644,0
23-02-2024,0,0,53,0,0,0,0,0,0,0,0,0,0,0,0,0,53,0
24-02-2024,0,0,49,0,0,0,0,0,0,0,0,0,0,0,0,0,49,0
25-02-2024,0,0,60,0,0,0,0,0,0,0,0,0,0,0,0,0,60,0
26-02-2024,0,0,84,0,0,0,0,0,0,0,0,0,0,0,0,0,84,0
27-02-2024,0,0,72,0,0,0,0,0,0,0,0,0,0,0,0,0,72,0
28-02-2024,0,0,0,0,0,0,0,0,0,0,0,0,0,0,199,0,199,0
29-02-2024,1690,0,74,0,0,0,0,0,0,0,0,18067,0,0,223,0,20054,0
01-03-2024,0,0,63,0,0,0,0,0,0,0,0,0,0,0,244,0,307,56000
02-03-2024,1441,10000,41,0,0,0,0,0,0,0,0,0,0,0,618,0,12100,0
03-03-2024,0,0,0,1014,0,0,0,0,0,0,0,0,0,0,601,0,1615,0
04-03-2024,0,0,52,0,0,0,0,0,0,0,0,0,0,0,233,1669,1954,0
05-03-2024,0,0,81,0,0,0,0,0,0,2297,5981,0,0,0,0,0,8359,0
06-03-2024,0,0,52,0,0,0,0,0,0,0,0,0,0,0,381,0,433,0
07-03-2024,0,0,0,0,0,0,0,0,0,0,0,0,0,0,99,0,99,0
08-03-2024,878,0,48,0,352,0,0,0,0,0,0,0,0,0,188,0,1466,0
09-03-2024,1409,0,57,0,0,0,0,0,0,0,0,0,0,0,0,0,1466,0
10-03-2024,0,0,66,0,0,0,0,0,0,0,0,0,0,0,0,0,66,0
11-03-2024,0,0,69,0,0,0,0,0,0,0,0,0,0,0,0,0,69,0
12-03-2024,0,0,60,0,0,0,2608,0,0,0,0,0,0,0,0,459,3127,0
13-03-2024,0,0,54,0,0,0,0,0,0,0,0,0,0,0,89,1345,1488,0
14-03-2024,0,0,56,0,0,0,0,0,0,0,0,0,0,0,598,0,654,0
15-03-2024,0,0,57,0,0,0,0,720,0,0,0,0,0,2170,51,0,2998,0
16-03-2024,0,0,0,0,0,0,0,0,0,0,0,0,0,0,392,0,392,0
17-03-2024,0,0,69,0,0,0,0,0,0,0,0,0,0,0,0,0,69,0
18-03-2024,0,0,78,0,0,0,0,0,0,0,0,0,0,0,85,0,163,0
19-03-2024,0,0,78,0,0,0,0,0,0,0,0,0,0,0,0,0,78,0
20-03-2024,0,0,40,0,0,0,0,0,0,0,0,0,0,0,0,0,40,0
21-03-2024,0,0,0,0,0,0,0,0,0,0,0,0,0,0,139,0,139,0
22-03-2024,0,0,74,0,0,0,0,0,0,0,0,0,0,0,0,0,74,0
23-03-2024,0,0,0,0,0,0,0,0,0,0,0,0,0,0,581,0,581,0
24-03-2024,2259,0,0,0,0,0,0,0,0,0,0,0,0,0,304,345,2908,0
25-03-2024,0,0,45,0,0,0,0,0,0,0,0,0,0,0,0,0,45,0
26-03-2024,0,0,76,0,0,0,0,0,0,0,0,0,0,0,518,0,594,0
27-03-2024,0,0,0,0,0,0,0,0,0,0,0,0,0,0,0,0,0,0
28-03-2024,0,0,48,0,0,0,0,0,0,0,0,0,0,0,257,0,305,0
29-03-2024,0,0,83,0,0,0,0,0,0,0,0,0,0,0,0,0,83,0
30-03-2024,0,0,52,0,0,0,0,0,0,0,0,0,0,0,0,0,52,0
31-03-2024,0,0,66,0,0,0,0,0,1678,0,0,18109,0,0,0,0,19853,0
01-04-2024,0,0,0,0,0,0,0,0,0,0,0,0,0,0,0,0,0,56000
02-04-2024,0,10000,65,0,0,0,0,0,0,0,0,0,0,0,219,0,10284,0
03-04-2024,0,0,79,1003,0,0,0,0,0,0,0,0,0,0,519,0,1601,0
04-04-2024,0,0,50,0,0,0,0,0,0,0,0,0,0,0,0,0,50,0
05-04-2024,0,0,57,0,0,0,0,0,0,2487,5509,0,0,0,0,0,8053,0
06-04-2024,0,0,45,0,0,0,0,0,0,0,0,0,0,0,380,0,425,0
07-04-2024,0,0,49,0,0,0,0,0,0,0,0,0,0,0,0,427,476,0
08-04-2024,2103,0,55,0,336,0,0,0,0,0,0,0,0,0,599,0,3093,0
09-04-2024,0,0,0,0,0,0,0,0,0,0,0,0,0,0,0,304,304,0
10-04-2024,0,0,0,0,0,0,0,0,0,0,0,0,0,0,0,0,0,0
11-04-2024,0,0,53,0,0,0,0,0,0,0,0,0,0,0,223,0,276,0
12-04-2024,0,0,83,0,0,0,2241,0,0,0,0,0,0,0,0,0,2324,0
13-04-2024,0,0,48,0,0,0,0,0,0,0,0,0,0,0,0,1725,1773,0
14-04-2024,0,0,0,0,0,0,0,0,0,0,0,0,0,0,0,1766,1766,0
15-04-2024,0,0,82,0,0,0,0,778,0,0,0,0,0,0,171,0,1031,0
16-04-2024,0,0,75,0,0,0,0,0,0,0,0,0,0,0,0,0,75,0
17-04-2024,0,0,59,0,0,0,0,0,0,0,0,0,0,0,0,1346,1405,0
18-04-2024,0,0,0,0,0,0,0,0,0,0,0,0,0,0,289,0,289,0
19-04-2024,0,0,0,0,0,0,0,0,0,0,0,0,0,0,0,0,0,0
20-04-2024,0,0,43,0,0,0,0,0,0,0,0,0,0,0,226,0,269,0
21-04-2024,0,0,82,0,0,0,0,0,0,0,0,0,0,0,0,1612,1694,0
22-04-2024,0,0,0,0,0,0,0,0,0,0,0,0,0,0,114,0,114,0
23-04-2024,0,0,0,0,0,0,0,0,0,0,0,0,0,0,427,0,427,0
24-04-2024,0,0,55,0,0,0,0,0,0,0,0,0,0,0,615,0,670,0
25-04-2024,1049,0,0,0,0,0,0,0,0,0,0,0,0,0,424,0,1473,0
26-04-2024,0,0,0,0,0,0,0,0,0,0,0,0,0,0,0,0,0,0
27-04-2024,0,0,40,0,0,0,0,0,0,0,0,0,0,0,95,0,135,0
28-04-2024,0,0,0,0,0,0,0,0,0,0,0,0,0,0,0,0,0,0
29-04-2024,0,0,45,0,0,0,0,0,0,0,0,0,0,0,0,0,45,0
30-04-2024,0,0,0,0,0,0,0,0,546,0,0,17306,0,0,0,0,17852,0
01-05-2024,0,0,57,0,0,0,0,0,0,0,0,0,0,0,0,1534,1591,56000
02-05-2024,0,10000,50,0,0,0,0,0,0,0,0,0,0,0,0,0,10050,0
03-05-2024,0,0,0,976,0,0,0,0,0,0,0,0,0,0,0,0,976,0
04-05-2024,0,0,62,0,0,0,0,0,0,0,0,0,0,0,435,0,497,0
05-05-2024,0,0,48,0,0,0,0,0,0,2265,5576,0,0,0,0,0,7889,0
06-05-2024,0,0,51,0,0,0,0,0,0,0,0,0,0,0,0,0,51,0
07-05-2024,0,0,55,0,0,0,0,0,0,0,0,0,0,0,0,513,568,0
08-05-2024,0,0,73,0,437,0,0,0,0,0,0,0,0,0,0,0,510,0
09-05-2024,0,0,52,0,0,0,0,0,0,0,0,0,0,0,0,0,52,0
10-05-2024,0,0,67,0,0,0,0,0,0,0,0,0,0,0,0,0,67,0
11-05-2024,0,0,78,0,0,0,0,0,0,0,0,0,0,0,495,1103,1676,0
12-05-2024,0,0,0,0,0,0,1679,0,0,0,0,0,0,0,0,1353,3032,0
13-05-2024,0,0,54,0,0,0,0,0,0,0,0,0,0,0,58,0,112,0
14-05-2024,0,0,65,0,0,0,0,0,0,0,0,0,0,0,0,0,65,0
15-05-2024,0,0,0,0,0,0,0,754,0,0,0,0,0,0,0,0,754,0
16-05-2024,0,0,45,0,0,0,0,0,0,0,0,0,0,0,564,0,609,0
17-05-2024,0,0,44,0,0,0,0,0,0,0,0,0,0,0,0,0,44,0
18-05-2024,0,0,0,0,0,0,0,0,0,0,0,0,0,0,0,0,0,0
19-05-2024,0,0,58,0,0,0,0,0,0,0,0,0,0,0,0,0,58,0
20-05-2024,0,0,0,0,0,0,0,0,835,0,0,0,0,0,0,0,835,0
21-05-2024,0,0,74,0,0,0,0,0,0,0,0,0,0,0,0,0,74,0
22-05-2024,0,0,0,0,0,0,0,0,0,0,0,0,0,0,0,0,0,0
23-05-2024,0,0,76,0,0,0,0,0,0,0,0,0,0,0,0,0,76,0
24-05-2024,0,0,0,0,0,0,0,0,0,0,0,0,0,0,593,0,593,0
25-05-2024,0,0,0,0,0,0,0,0,0,0,0,0,0,0,0,295,295,0
26-05-2024,0,0,69,0,0,0,0,0,0,0,0,0,0,0,0,0,69,0
27-05-2024,0,0,55,0,0,0,0,0,0,0,0,0,0,0,0,0,55,0
28-05-2024,0,0,66,0,0,0,0,0,0,0,0,0,0,0,0,0,66,0
29-05-2024,0,0,0,0,0,0,0,0,0,0,0,0,0,0,0,238,238,0
30-05-2024,0,0,65,0,0,0,0,0,456,0,0,0,0,0,0,942,1463,0
31-05-2024,0,0,0,0,0,0,0,0,0,0,0,18375,0,0,0,0,18375,0
01-06-2024,0,0,84,0,0,0,0,0,0,0,0,0,0,0,0,0,84,56000
02-06-2024,371,10000,0,0,0,0,0,0,0,0,0,0,0,0,0,0,10371,0
03-06-2024,0,0,0,862,0,0,0,0,0,0,0,0,0,0,0,0,862,0
04-06-2024,0,0,43,0,0,0,0,0,0,0,0,0,0,0,287,1298,1628,0
05-06-2024,0,0,63,0,0,0,0,0,0,2329,5908,0,0,0,105,0,8405,0
06-06-2024,0,0,79,0,0,0,0,0,0,0,0,0,0,0,0,0,79,0
07-06-2024,0,0,0,0,0,0,0,0,0,0,0,0,0,0,521,0,521,0
08-06-2024,0,0,47,0,395,0,0,0,0,0,0,0,0,0,0,0,442,0
09-06-2024,0,0,80,0,0,0,0,0,0,0,0,0,0,0,0,0,80,0
10-06-2024,0,0,54,0,0,0,0,0,0,0,0,0,0,0,265,503,822,0
11-06-2024,2861,0,0,0,0,0,0,0,0,0,0,0,0,0,387,574,3822,0
12-06-2024,0,0,0,0,0,0,2817,0,0,0,0,0,0,0,0,0,2817,0
13-06-2024,1303,0,75,0,0,0,0,0,0,0,0,0,0,0,108,0,1486,0
14-06-2024,0,0,52,0,0,0,0,0,0,0,0,0,0,0,0,0,52,0
15-06-2024,0,0,64,0,0,0,0,757,0,0,0,0,0,2177,0,102,3100,0
16-06-2024,0,0,47,0,0,0,0,0,0,0,0,0,0,0,571,0,618,0
17-06-2024,0,0,78,0,0,0,0,0,1350,0,0,0,0,0,0,0,1428,0
18-06-2024,0,0,40,0,0,0,0,0,1630,0,0,0,0,0,0,0,1670,0
19-06-2024,0,0,69,0,0,0,0,0,0,0,0,0,0,0,402,0,471,0
20-06-2024,0,0,78,0,0,0,0,0,0,0,0,0,0,0,398,0,476,0
21-06-2024,0,0,0,0,0,0,0,0,0,0,0,0,0,0,385,417,802,0
22-06-2024,0,0,60,0,0,258,0,0,0,0,0,0,0,0,0,0,318,0
23-06-2024,0,0,79,0,0,0,0,0,0,0,0,0,0,0,0,1242,1321,0
24-06-2024,0,0,63,0,0,0,0,0,0,0,0,0,0,0,0,0,63,0
25-06-2024,0,0,0,0,0,0,0,0,0,0,0,0,0,0,0,0,0,0
26-06-2024,405,0,68,0,0,0,0,0,0,0,0,0,0,0,0,0,473,0
27-06-2024,0,0,68,0,0,0,0,0,0,0,0,0,0,0,0,0,68,0
28-06-2024,0,0,60,0,0,0,0,0,0,0,0,0,0,0,0,0,60,0
29-06-2024,0,0,58,0,0,0,0,0,0,0,0,0,0,0,0,1464,1522,0
30-06-2024,0,0,83,0,0,0,0,0,0,0,0,18425,0,0,0,0,18508,0
01-07-2024,0,0,0,0,0,0,0,0,0,0,0,0,0,0,522,0,522,56000
02-07-2024,0,10000,0,0,0,0,0,0,0,0,0,0,0,0,0,0,10000,0
03-07-2024,0,0,46,930,0,0,0,0,0,0,0,0,0,0,0,0,976,0
04-07-2024,0,0,0,0,0,0,0,0,0,0,0,0,0,0,420,0,420,0
05-07-2024,966,0,0,0,0,0,0,0,0,2291,5838,0,0,0,499,0,9594,0
06-07-2024,0,0,67,0,0,0,0,0,0,0,0,0,0,0,0,0,67,0
07-07-2024,3184,0,72,0,0,0,0,0,1506,0,0,0,0,0,334,1488,6584,0
08-07-2024,0,0,74,0,291,0,0,0,0,0,0,0,0,0,0,1687,2052,0
09-07-2024,0,0,0,0,0,0,0,0,0,0,0,0,0,0,478,366,844,0
10-07-2024,0,0,0,0,0,0,0,0,0,0,0,0,0,0,0,0,0,0
11-07-2024,0,0,60,0,0,0,0,0,0,0,0,0,0,0,0,0,60,0
12-07-2024,0,0,72,0,0,0,2731,0,0,0,0,0,0,0,0,0,2803,0
13-07-2024,492,0,78,0,0,0,0,0,0,0,0,0,0,0,487,0,1057,0
14-07-2024,2221,0,52,0,0,0,0,0,0,0,0,0,0,0,644,0,2917,0
15-07-2024,0,0,0,0,0,0,0,813,0,0,0,0,0,0,0,0,813,0
16-07-2024,0,0,75,0,0,0,0,0,0,0,0,0,0,0,0,0,75,0
17-07-2024,0,0,41,0,0,0,0,0,0,0,0,0,0,0,403,0,444,0
18-07-2024,0,0,44,0,0,0,0,0,0,0,0,0,0,0,0,824,868,0
19-07-2024,0,0,0,0,0,0,0,0,0,0,0,0,0,0,0,1111,1111,0
20-07-2024,0,0,75,0,0,0,0,0,0,0,0,0,0,0,0,0,75,0
21-07-2024,3158,0,54,0,0,0,0,0,0,0,0,0,0,0,0,1230,4442,0
22-07-2024,2126,0,0,0,0,0,0,0,0,0,0,0,0,0,0,0,2126,0
23-07-2024,0,0,60,0,0,0,0,0,0,0,0,0,0,0,0,0,60,0
24-07-2024,0,0,57,0,0,0,0,0,0,0,0,0,0,0,0,0,57,0
25-07-2024,0,0,79,0,0,0,0,0,0,0,0,0,0,0,0,93,172,0
26-07-2024,0,0,73,0,0,0,0,0,0,0,0,0,0,0,0,0,73,0
27-07-2024,0,0,80,0,0,0,0,0,0,0,0,0,0,0,0,0,80,0
28-07-2024,0,0,0,0,0,0,0,0,0,0,0,0,0,0,0,768,768,0
29-07-2024,0,0,78,0,0,0,0,0,0,0,0,0,0,0,0,0,78,0
30-07-2024,0,0,0,0,0,0,0,0,0,0,0,0,0,0,0,566,566,0
31-07-2024,0,0,0,0,0,0,0,0,0,0,0,18666,0,0,0,0,18666,0
01-08-2024,0,0,82,0,0,0,0,0,0,0,0,0,0,0,0,0,82,56000
02-08-2024,0,10000,47,0,0,0,0,0,0,0,0,0,0,0,497,0,10544,0
03-08-2024,0,0,51,874,0,0,0,0,0,0,0,0,0,0,0,0,925,0
04-08-2024,0,0,52,0,0,0,0,0,0,0,0,0,0,0,0,240,292,0
05-08-2024,0,0,0,0,0,0,0,0,0,2391,5856,0,0,0,463,0,8710,0
06-08-2024,0,0,58,0,0,0,0,0,0,0,0,0,0,0,0,0,58,0
07-08-2024,0,0,65,0,0,0,0,0,0,0,0,0,0,0,456,0,521,0
08-08-2024,2204,0,82,0,458,0,0,0,0,0,0,0,0,0,0,731,3475,0
09-08-2024,0,0,57,0,0,0,0,0,0,0,0,0,0,0,381,0,438,0
10-08-2024,0,0,73,0,0,0,0,0,0,0,0,0,0,0,83,0,156,0
11-08-2024,0,0,80,0,0,0,0,0,0,0,0,0,0,0,0,0,80,0
12-08-2024,0,0,64,0,0,0,2319,0,0,0,0,0,0,0,0,0,2383,0
13-08-2024,0,0,48,0,0,0,0,0,0,0,0,0,0,0,0,0,48,0
14-08-2024,384,0,77,0,0,0,0,0,0,0,0,0,0,0,0,0,461,0
15-08-2024,2176,0,69,0,0,0,0,691,0,0,0,0,0,0,0,0,2936,0
16-08-2024,0,0,77,0,0,0,0,0,0,0,0,0,0,0,0,490,567,0
17-08-2024,0,0,0,0,0,0,0,0,0,0,0,0,0,0,649,0,649,0
18-08-2024,0,0,60,0,0,0,0,0,0,0,0,0,0,0,517,0,577,0
19-08-2024,0,0,62,0,0,0,0,0,0,0,0,0,0,0,0,0,62,0
20-08-2024,0,0,0,0,0,0,0,0,0,0,0,0,0,0,0,788,788,0
21-08-2024,0,0,0,0,0,0,0,0,0,0,0,0,0,0,0,0,0,0
22-08-2024,0,0,61,0,0,0,0,0,0,0,0,0,0,0,0,0,61,0
23-08-2024,0,0,0,0,0,0,0,0,0,0,0,0,0,0,0,0,0,0
24-08-2024,0,0,0,0,0,0,0,0,0,0,0,0,0,0,0,0,0,0
25-08-2024,0,0,81,0,0,0,0,0,0,0,0,0,0,0,0,0,81,0
26-08-2024,0,0,43,0,0,0,0,0,0,0,0,0,0,0,0,0,43,0
27-08-2024,0,0,67,0,0,0,0,0,0,0,0,0,0,0,0,889,956,0
28-08-2024,0,0,40,0,0,0,0,0,0,0,0,0,0,0,0,1424,1464,0
29-08-2024,0,0,0,0,0,0,0,0,0,0,0,0,0,0,0,0,0,0
30-08-2024,0,0,82,0,0,0,0,0,0,0,0,0,0,0,0,421,503,0
31-08-2024,563,0,43,0,0,0,0,0,0,0,0,19077,0,0,0,1336,21019,0
01-09-2024,0,0,51,0,0,0,0,0,0,0,0,0,0,0,0,0,51,56000
02-09-2024,0,10000,67,0,0,0,0,0,0,0,0,0,0,0,0,0,10067,0
03-09-2024,0,0,68,892,0,0,0,0,0,0,0,0,0,0,52,0,1012,0
04-09-2024,0,0,64,0,0,0,0,0,0,0,0,0,0,0,0,0,64,0
05-09-2024,0,0,76,0,0,0,0,0,0,2488,5748,0,0,0,258,0,8570,0
06-09-2024,0,0,0,0,0,0,0,0,0,0,0,0,0,0,0,0,0,0
07-09-2024,1571,0,46,0,0,0,0,0,0,0,0,0,0,0,622,289,2528,0
08-09-2024,3122,0,46,0,372,0,0,0,0,0,0,0,0,0,0,0,3540,0
09-09-2024,0,0,0,0,0,0,0,0,0,0,0,0,0,0,366,0,366,0
10-09-2024,1981,0,47,0,0,0,0,0,0,0,0,0,0,0,371,664,3063,0
11-09-2024,0,0,71,0,0,0,0,0,0,0,0,0,0,0,0,0,71,0
12-09-2024,0,0,56,0,0,0,2801,0,0,0,0,0,0,0,93,0,2950,0
13-09-2024,730,0,0,0,0,0,0,0,0,0,0,0,0,0,513,0,1243,0
14-09-2024,3140,0,0,0,0,0,0,0,0,0,0,0,0,0,106,0,3246,0
15-09-2024,0,0,0,0,0,0,0,868,0,0,0,0,0,2275,0,0,3143,0
16-09-2024,0,0,43,0,0,0,0,0,0,0,0,0,0,0,431,0,474,0
17-09-2024,0,0,63,0,0,0,0,0,0,0,0,0,0,0,37,389,489,0
18-09-2024,1427,0,0,0,0,0,0,0,0,0,0,0,0,0,0,0,1427,0
19-09-2024,0,0,61,0,0,0,0,0,0,0,0,0,0,0,0,0,61,0
20-09-2024,2216,0,0,0,0,0,0,0,0,0,0,0,0,0,0,0,2216,0
21-09-2024,0,0,80,0,0,0,0,0,0,0,0,0,0,0,404,0,484,0
22-09-2024,0,0,65,0,0,178,0,0,0,0,0,0,0,0,0,0,243,0
23-09-2024,0,0,45,0,0,0,0,0,0,0,0,0,0,0,0,1373,1418,0
24-09-2024,0,0,0,0,0,0,0,0,0,0,0,0,0,0,0,0,0,0
25-09-2024,1344,0,48,0,0,0,0,0,0,0,0,0,0,0,0,0,1392,0
26-09-2024,1429,0,79,0,0,0,0,0,0,0,0,0,0,0,0,0,1508,0
27-09-2024,2842,0,0,0,0,0,0,0,0,0,0,0,0,0,0,1597,4439,0
28-09-2024,0,0,42,0,0,0,0,0,0,0,0,0,0,0,0,0,42,0
29-09-2024,0,0,0,0,0,0,0,0,0,0,0,0,0,0,0,0,0,0
30-09-2024,0,0,59,0,0,0,0,0,0,0,0,17791,0,0,331,0,18181,0
01-10-2024,358,0,64,0,0,0,0,0,0,0,0,0,0,0,574,0,996,56000
02-10-2024,0,10000,42,0,0,0,0,0,0,0,0,0,0,0,0,0,10042,0
03-10-2024,0,0,0,856,0,0,0,0,0,0,0,0,0,0,0,0,856,0
04-10-2024,0,0,0,0,0,0,0,0,0,0,0,0,0,0,616,0,616,0
05-10-2024,0,0,80,0,0,0,0,0,0,2379,5802,0,0,0,285,0,8546,0
06-10-2024,0,0,71,0,0,0,0,0,0,0,0,0,0,0,0,0,71,0
07-10-2024,0,0,56,0,0,0,0,0,0,0,0,0,0,0,0,1475,1531,0
08-10-2024,0,0,0,0,357,0,0,0,0,0,0,0,0,0,0,0,357,0
09-10-2024,0,0,0,0,0,0,0,0,0,0,0,0,0,0,645,0,645,0
10-10-2024,0,0,0,0,0,0,0,0,0,0,0,0,0,0,318,0,318,0
11-10-2024,0,0,58,0,0,0,0,0,0,0,0,0,0,0,165,238,461,0
12-10-2024,0,0,0,0,0,0,2269,0,0,0,0,0,0,0,0,0,2269,0
13-10-2024,0,0,46,0,0,0,0,0,0,0,0,0,0,0,0,0,46,0
14-10-2024,0,0,77,0,0,0,0,0,0,0,0,0,0,0,384,0,461,0
15-10-2024,0,0,53,0,0,0,0,862,0,0,0,0,0,0,490,0,1405,0
16-10-2024,0,0,83,0,0,0,0,0,0,0,0,0,0,0,0,0,83,0
17-10-2024,0,0,52,0,0,0,0,0,0,0,0,0,0,0,559,0,611,0
18-10-2024,0,0,0,0,0,0,0,0,0,0,0,0,0,0,0,364,364,0
19-10-2024,2225,0,0,0,0,0,0,0,1482,0,0,0,0,0,130,0,3837,0
20-10-2024,0,0,50,0,0,0,0,0,0,0,0,0,0,0,0,0,50,0
21-10-2024,0,0,54,0,0,0,0,0,0,0,0,0,0,0,0,0,54,0
22-10-2024,0,0,64,0,0,0,0,0,0,0,0,0,0,0,0,0,64,0
23-10-2024,0,0,0,0,0,0,0,0,0,0,0,0,0,0,0,0,0,0
24-10-2024,0,0,0,0,0,0,0,0,0,0,0,0,0,0,564,898,1462,0
25-10-2024,0,0,63,0,0,0,0,0,0,0,0,0,0,0,332,0,395,0
26-10-2024,0,0,48,0,0,0,0,0,0,0,0,0,0,0,274,0,322,0
27-10-2024,0,0,66,0,0,0,0,0,0,0,0,0,0,0,32,0,98,0
28-10-2024,0,0,0,0,0,0,0,0,0,0,0,0,0,0,0,0,0,0
29-10-2024,0,0,58,0,0,0,0,0,0,0,0,0,0,0,0,0,58,0
30-10-2024,0,0,49,0,0,0,0,0,0,0,0,0,0,0,0,0,49,0
31-10-2024,0,0,68,0,0,0,0,0,0,0,0,18477,0,0,0,0,18545,0
01-11-2024,0,0,71,0,0,0,0,0,0,0,0,0,0,0,175,0,246,56000
02-11-2024,0,10000,0,0,0,0,0,0,0,0,0,0,0,0,0,0,10000,0
03-11-2024,1898,0,46,906,0,0,0,0,0,0,0,0,0,0,645,0,3495,0
04-11-2024,0,0,53,0,0,0,0,0,0,0,0,0,0,0,492,1239,1784,0
05-11-2024,0,0,80,0,0,0,0,0,0,2301,5818,0,0,0,0,370,8569,0
06-11-2024,1800,0,72,0,0,0,0,0,0,0,0,0,0,0,0,0,1872,0
07-11-2024,0,0,75,0,0,0,0,0,0,0,0,0,0,0,58,0,133,0
08-11-2024,0,0,0,0,371,0,0,0,0,0,0,0,0,0,522,198,1091,0
09-11-2024,0,0,71,0,0,0,0,0,0,0,0,0,0,0,0,0,71,0
10-11-2024,638,0,0,0,0,0,0,0,0,0,0,0,0,0,443,0,1081,0
11-11-2024,0,0,62,0,0,0,0,0,0,0,0,0,0,0,0,0,62,0
12-11-2024,0,0,84,0,0,0,1622,0,0,0,0,0,0,0,0,0,1706,0
13-11-2024,0,0,63,0,0,0,0,0,0,0,0,0,0,0,0,0,63,0
14-11-2024,1841,0,59,0,0,0,0,0,1543,0,0,0,0,0,603,0,4046,0
15-11-2024,0,0,49,0,0,0,0,776,0,0,0,0,0,0,0,0,825,0
16-11-2024,0,0,0,0,0,0,0,0,0,0,0,0,0,0,0,0,0,0
17-11-2024,0,0,0,0,0,0,0,0,0,0,0,0,0,0,0,924,924,0
18-11-2024,0,0,0,0,0,0,0,0,0,0,0,0,0,0,0,0,0,0
19-11-2024,0,0,42,0,0,0,0,0,0,0,0,0,0,0,0,0,42,0
20-11-2024,0,0,65,0,0,0,0,0,0,0,0,0,0,0,0,0,65,0
21-11-2024,2652,0,53,0,0,0,0,0,0,0,0,0,0,0,0,0,2705,0
22-11-2024,2111,0,0,0,0,0,0,0,0,0,0,0,0,0,0,0,2111,0
23-11-2024,0,0,54,0,0,0,0,0,0,0,0,0,0,0,0,0,54,0
24-11-2024,1525,0,83,0,0,0,0,0,0,0,0,0,0,0,0,0,1608,0
25-11-2024,570,0,54,0,0,0,0,0,0,0,0,0,0,0,0,1083,1707,0
26-11-2024,0,0,70,0,0,0,0,0,0,0,0,0,0,0,225,964,1259,0
27-11-2024,0,0,78,0,0,0,0,0,0,0,0,0,0,0,0,0,78,0
28-11-2024,0,0,61,0,0,0,0,0,0,0,0,0,0,0,0,0,61,0
29-11-2024,1521,0,47,0,0,0,0,0,0,0,0,0,0,0,0,0,1568,0
30-11-2024,0,0,57,0,0,0,0,0,0,0,0,17629,0,0,0,0,17686,0
01-12-2024,0,0,45,0,0,0,0,0,0,0,0,0,0,0,436,0,481,56000
02-12-2024,0,10000,73,0,0,0,0,0,0,0,0,0,0,0,0,0,10073,0
03-12-2024,0,0,79,1025,0,0,0,0,0,0,0,0,0,0,213,0,1317,0
04-12-2024,0,0,0,0,0,0,0,0,0,0,0,0,0,0,0,0,0,0
05-12-2024,0,0,49,0,0,0,0,0,0,2278,5650,0,0,0,0,0,7977,0
06-12-2024,0,0,76,0,0,0,0,0,0,0,0,0,0,0,0,0,76,0
07-12-2024,0,0,44,0,0,0,0,0,0,0,0,0,0,0,0,0,44,0
08-12-2024,0,0,60,0,317,0,0,0,0,0,0,0,0,0,0,0,377,0
09-12-2024,0,0,0,0,0,0,0,0,1077,0,0,0,0,0,407,0,1484,0
10-12-2024,0,0,0,0,0,0,0,0,0,0,0,0,0,0,544,0,544,0
11-12-2024,0,0,54,0,0,0,0,0,0,0,0,0,0,0,101,1511,1666,0
12-12-2024,0,0,55,0,0,0,1638,0,0,0,0,0,0,0,271,0,1964,0
13-12-2024,0,0,67,0,0,0,0,0,0,0,0,0,0,0,0,0,67,0
14-12-2024,587,0,0,0,0,0,0,0,0,0,0,0,0,0,447,0,1034,0
15-12-2024,0,0,0,0,0,0,0,731,0,0,0,0,0,2149,344,0,3224,0
16-12-2024,0,0,40,0,0,0,0,0,0,0,0,0,0,0,522,0,562,0
17-12-2024,0,0,47,0,0,0,0,0,0,0,0,0,0,0,0,0,47,0
18-12-2024,0,0,79,0,0,0,0,0,0,0,0,0,0,0,0,0,79,0
19-12-2024,0,0,66,0,0,0,0,0,0,0,0,0,0,0,0,0,66,0
20-12-2024,0,0,80,0,0,0,0,0,0,0,0,0,0,0,0,1602,1682,0
21-12-2024,0,0,74,0,0,0,0,0,0,0,0,0,0,0,0,0,74,0
22-12-2024,0,0,65,0,0,0,0,0,0,0,0,0,0,0,375,0,440,0
23-12-2024,0,0,55,0,0,0,0,0,0,0,0,0,0,0,0,0,55,0
24-12-2024,0,0,76,0,0,0,0,0,0,0,0,0,0,0,615,0,691,0
25-12-2024,0,0,54,0,0,0,0,0,383,0,0,0,0,0,0,0,437,0
26-12-2024,0,0,82,0,0,0,0,0,0,0,0,0,0,0,62,0,144,0
27-12-2024,0,0,65,0,0,0,0,0,0,0,0,0,0,0,0,854,919,0
28-12-2024,0,0,0,0,0,0,0,0,0,0,0,0,0,0,0,0,0,0
29-12-2024,0,0,41,0,0,0,0,0,0,0,0,0,0,0,0,107,148,0
30-12-2024,0,0,75,0,0,0,0,0,0,0,0,0,0,0,0,0,75,0
31-12-2024,0,0,49,0,0,0,0,0,0,0,0,17598,0,0,0,0,17647,0
01-01-2025,0,0,0,0,0,0,0,0,0,0,0,0,0,0,0,0,0,64000
02-01-2025,0,13000,80,0,0,0,0,0,0,0,0,0,0,0,0,0,13080,0
03-01-2025,0,0,59,922,0,0,0,0,0,0,0,0,0,0,0,127,1108,0
04-01-2025,0,0,63,0,0,0,0,0,0,0,0,0,0,0,0,0,63,0
05-01-2025,0,0,0,0,0,0,0,0,0,2502,6384,0,0,0,0,0,8886,0
06-01-2025,0,0,43,0,0,0,0,0,0,0,0,0,0,0,0,0,43,0
07-01-2025,1948,0,0,0,0,0,0,0,0,0,0,0,0,0,0,0,1948,0
08-01-2025,0,0,0,0,455,0,0,0,0,0,0,0,0,0,413,0,868,0
09-01-2025,0,0,63,0,0,0,0,0,0,0,0,0,0,0,0,0,63,0
10-01-2025,0,0,0,0,0,0,0,0,0,0,0,0,0,0,417,0,417,0
11-01-2025,0,0,59,0,0,0,0,0,0,0,0,0,0,0,0,0,59,0
12-01-2025,0,0,64,0,0,0,2790,0,0,0,0,0,0,0,119,1032,4005,0
13-01-2025,0,0,45,0,0,0,0,0,0,0,0,0,0,0,244,0,289,0
14-01-2025,0,0,84,0,0,0,0,0,0,0,0,0,0,0,0,0,84,0
15-01-2025,0,0,50,0,0,0,0,715,0,0,0,0,0,0,0,0,765,0
16-01-2025,0,0,59,0,0,0,0,0,0,0,0,0,0,0,0,0,59,0
17-01-2025,0,0,0,0,0,0,0,0,0,0,0,0,0,0,0,210,210,0
18-01-2025,0,0,60,0,0,0,0,0,0,0,0,0,0,0,0,0,60,0
19-01-2025,1889,0,71,0,0,0,0,0,0,0,0,0,0,0,303,1075,3338,0
20-01-2025,0,0,68,0,0,0,0,0,0,0,0,0,0,0,0,0,68,0
21-01-2025,0,0,75,0,0,0,0,0,0,0,0,0,0,0,0,0,75,0
22-01-2025,0,0,79,0,0,149,0,0,0,0,0,0,0,0,0,0,228,0
23-01-2025,1035,0,0,0,0,0,0,0,0,0,0,0,0,0,514,0,1549,0
24-01-2025,0,0,63,0,0,0,0,0,0,0,0,0,0,0,0,235,298,0
25-01-2025,0,0,64,0,0,0,0,0,0,0,0,0,0,0,0,0,64,0
26-01-2025,0,0,78,0,0,0,0,0,0,0,0,0,0,0,0,0,78,0
27-01-2025,2970,0,59,0,0,0,0,0,0,0,0,0,0,0,0,0,3029,0
28-01-2025,0,0,45,0,0,0,0,0,0,0,0,0,0,0,516,1120,1681,0
29-01-2025,0,0,46,0,0,0,0,0,0,0,0,0,0,0,0,975,1021,0
30-01-2025,0,0,53,0,0,0,0,0,0,0,0,0,0,0,0,728,781,0
31-01-2025,2639,0,53,0,0,0,0,0,0,0,0,22397,0,0,0,0,25089,0
01-02-2025,0,0,44,0,0,0,0,0,0,0,0,0,0,0,0,0,44,64000
02-02-2025,3060,13000,55,0,0,0,0,0,0,0,0,0,0,0,0,0,16115,0
03-02-2025,3145,0,61,1004,0,0,0,0,0,0,0,0,0,0,0,0,4210,0
04-02-2025,0,0,64,0,0,0,0,0,1031,0,0,0,0,0,447,0,1542,0
05-02-2025,0,0,72,0,0,0,0,0,0,2723,6464,0,0,0,119,0,9378,0
06-02-2025,0,0,57,0,0,0,0,0,0,0,0,0,0,0,0,0,57,0
07-02-2025,0,0,0,0,0,0,0,0,0,0,0,0,0,0,0,0,0,0
08-02-2025,0,0,0,0,317,0,0,0,0,0,0,0,0,0,142,0,459,0
09-02-2025,1426,0,0,0,0,0,0,0,1552,0,0,0,0,0,0,0,2978,0
10-02-2025,0,0,58,0,0,0,0,0,0,0,0,0,0,0,629,0,687,0
11-02-2025,0,0,0,0,0,0,0,0,0,0,0,0,0,0,0,0,0,0
12-02-2025,0,0,80,0,0,0,2427,0,0,0,0,0,0,0,638,0,3145,0
13-02-2025,0,0,53,0,0,0,0,0,0,0,0,0,0,0,281,0,334,0
14-02-2025,0,0,56,0,0,0,0,0,0,0,0,0,0,0,0,1491,1547,0
15-02-2025,0,0,0,0,0,0,0,688,0,0,0,0,0,0,0,221,909,0
16-02-2025,0,0,83,0,0,0,0,0,0,0,0,0,0,0,356,0,439,0
17-02-2025,0,0,68,0,0,0,0,0,0,0,0,0,0,0,0,0,68,0
18-02-2025,1922,0,46,0,0,0,0,0,0,0,0,0,0,0,634,0,2602,0
19-02-2025,0,0,72,0,0,0,0,0,0,0,0,0,0,0,0,831,903,0
20-02-2025,0,0,52,0,0,0,0,0,0,0,0,0,0,0,141,0,193,0
21-02-2025,0,0,67,0,0,0,0,0,0,0,0,0,0,0,0,0,67,0
22-02-2025,0,0,70,0,0,0,0,0,0,0,0,0,0,0,547,0,617,0
23-02-2025,0,0,60,0,0,0,0,0,0,0,0,0,0,0,140,0,200,0
24-02-2025,0,0,66,0,0,0,0,0,0,0,0,0,0,0,0,0,66,0
25-02-2025,2397,0,60,0,0,0,0,0,949,0,0,0,0,0,511,245,4162,0
26-02-2025,0,0,0,0,0,0,0,0,0,0,0,0,0,0,0,0,0,0
27-02-2025,0,0,0,0,0,0,0,0,0,0,0,0,0,0,0,0,0,0
28-02-2025,0,0,47,0,0,0,0,0,0,0,0,21548,0,0,0,0,21595,0
01-03-2025,0,0,0,0,0,0,0,0,0,0,0,0,0,0,491,0,491,64000
02-03-2025,0,13000,65,0,0,0,0,0,0,0,0,0,0,0,549,0,13614,0
03-03-2025,0,0,76,941,0,0,0,0,0,0,0,0,0,0,0,0,1017,0
04-03-2025,0,0,84,0,0,0,0,0,0,0,0,0,0,0,0,0,84,0
05-03-2025,1069,0,0,0,0,0,0,0,0,2596,6349,0,0,0,220,0,10234,0
06-03-2025,0,0,63,0,0,0,0,0,0,0,0,0,0,0,0,0,63,0
07-03-2025,678,0,74,0,0,0,0,0,0,0,0,0,0,0,326,993,2071,0
08-03-2025,0,0,79,0,462,0,0,0,0,0,0,0,0,0,0,0,541,0
09-03-2025,0,0,66,0,0,0,0,0,0,0,0,0,0,0,0,0,66,0
10-03-2025,0,0,46,0,0,0,0,0,0,0,0,0,0,0,0,591,637,0
11-03-2025,0,0,0,0,0,0,0,0,0,0,0,0,0,0,0,568,568,0
12-03-2025,2421,0,64,0,0,0,1645,0,0,0,0,0,0,0,0,0,4130,0
13-03-2025,1407,0,0,0,0,0,0,0,0,0,0,0,0,0,158,0,1565,0
14-03-2025,0,0,71,0,0,0,0,0,0,0,0,0,0,0,0,0,71,0
15-03-2025,0,0,64,0,0,0,0,693,0,0,0,0,0,2319,568,0,3644,0
16-03-2025,0,0,43,0,0,0,0,0,0,0,0,0,0,0,0,0,43,0
17-03-2025,0,0,76,0,0,0,0,0,0,0,0,0,0,0,303,0,379,0
18-03-2025,2533,0,56,0,0,0,0,0,0,0,0,0,0,0,0,1720,4309,0
19-03-2025,0,0,0,0,0,0,0,0,0,0,0,0,0,0,0,0,0,0
20-03-2025,3051,0,63,0,0,0,0,0,0,0,0,0,0,0,173,0,3287,0
21-03-2025,0,0,0,0,0,0,0,0,0,0,0,0,0,0,560,0,560,0
22-03-2025,0,0,81,0,0,0,0,0,0,0,0,0,0,0,0,0,81,0
23-03-2025,0,0,51,0,0,0,0,0,0,0,0,0,0,0,0,0,51,0
24-03-2025,2154,0,66,0,0,0,0,0,0,0,0,0,0,0,278,0,2498,0
25-03-2025,696,0,43,0,0,0,0,0,0,0,0,0,0,0,0,489,1228,0
26-03-2025,0,0,57,0,0,0,0,0,0,0,0,0,0,0,0,568,625,0
27-03-2025,0,0,44,0,0,0,0,0,0,0,0,0,0,0,0,1439,1483,0
28-03-2025,0,0,66,0,0,0,0,0,0,0,0,0,0,0,0,0,66,0
29-03-2025,0,0,52,0,0,0,0,0,0,0,0,0,0,0,494,0,546,0
30-03-2025,0,0,74,0,0,0,0,0,0,0,0,0,0,0,0,0,74,0
31-03-2025,0,0,70,0,0,0,0,0,0,0,0,20267,0,0,0,0,20337,0
01-04-2025,0,0,0,0,0,0,0,0,0,0,0,0,0,0,0,0,0,64000
02-04-2025,0,13000,41,0,0,0,0,0,0,0,0,0,0,0,0,0,13041,0
03-04-2025,0,0,44,1043,0,0,0,0,0,0,0,0,0,0,0,0,1087,0
04-04-2025,1664,0,66,0,0,0,0,0,0,0,0,0,0,0,0,0,1730,0
05-04-2025,1448,0,78,0,0,0,0,0,0,2700,6056,0,0,0,0,0,10282,0
06-04-2025,0,0,45,0,0,0,0,0,0,0,0,0,0,0,54,1229,1328,0
07-04-2025,0,0,44,0,0,0,0,0,0,0,0,0,0,0,192,0,236,0
08-04-2025,1530,0,0,0,348,0,0,0,0,0,0,0,0,0,72,1480,3430,0
09-04-2025,0,0,53,0,0,0,0,0,0,0,0,0,0,0,0,0,53,0
10-04-2025,2855,0,45,0,0,0,0,0,0,0,0,0,0,0,483,0,3383,0
11-04-2025,1239,0,0,0,0,0,0,0,0,0,0,0,0,0,0,0,1239,0
12-04-2025,0,0,0,0,0,0,2603,0,0,0,0,0,0,0,314,0,2917,0
13-04-2025,1241,0,0,0,0,0,0,0,0,0,0,0,0,0,508,0,1749,0
14-04-2025,0,0,79,0,0,0,0,0,0,0,0,0,0,0,0,0,79,0
15-04-2025,0,0,72,0,0,0,0,734,0,0,0,0,0,0,562,468,1836,0
16-04-2025,0,0,57,0,0,0,0,0,0,0,0,0,0,0,0,0,57,0
17-04-2025,2177,0,0,0,0,0,0,0,0,0,0,0,0,0,459,0,2636,0
18-04-2025,0,0,0,0,0,0,0,0,1382,0,0,0,0,0,0,0,1382,0
19-04-2025,2856,0,63,0,0,0,0,0,0,0,0,0,0,0,185,0,3104,0
20-04-2025,0,0,48,0,0,0,0,0,0,0,0,0,0,0,0,0,48,0
21-04-2025,0,0,0,0,0,0,0,0,0,0,0,0,0,0,0,0,0,0
22-04-2025,0,0,57,0,0,0,0,0,0,0,0,0,0,0,0,0,57,0
23-04-2025,0,0,0,0,0,0,0,0,0,0,0,0,0,0,0,1797,1797,0
24-04-2025,0,0,0,0,0,0,0,0,0,0,0,0,0,0,0,0,0,0
25-04-2025,0,0,0,0,0,0,0,0,0,0,0,0,0,0,0,0,0,0
26-04-2025,0,0,0,0,0,0,0,0,0,0,0,0,0,0,0,0,0,0
27-04-2025,0,0,58,0,0,0,0,0,0,0,0,0,0,0,0,0,58,0
28-04-2025,0,0,47,0,0,0,0,0,450,0,0,0,0,0,0,0,497,0
29-04-2025,693,0,42,0,0,0,0,0,0,0,0,0,0,0,0,0,735,0
30-04-2025,2524,0,64,0,0,0,0,0,0,0,0,21967,0,0,0,0,24555,0
01-05-2025,1057,0,46,0,0,0,0,0,1116,0,0,0,0,0,0,0,2219,64000
02-05-2025,0,13000,0,0,0,0,0,0,0,0,0,0,0,0,0,0,13000,0
03-05-2025,0,0,75,863,0,0,0,0,0,0,0,0,0,0,0,0,938,0
04-05-2025,1642,0,77,0,0,0,0,0,0,0,0,0,0,0,584,0,2303,0
05-05-2025,1711,0,40,0,0,0,0,0,0,2671,6548,0,0,0,0,0,10970,0
06-05-2025,0,0,42,0,0,0,0,0,0,0,0,0,0,0,0,0,42,0
07-05-2025,0,0,46,0,0,0,0,0,0,0,0,0,0,0,558,0,604,0
08-05-2025,0,0,0,0,351,0,0,0,0,0,0,0,0,0,242,0,593,0
09-05-2025,0,0,44,0,0,0,0,0,0,0,0,0,0,0,271,0,315,0
10-05-2025,0,0,0,0,0,0,0,0,0,0,0,0,0,0,0,0,0,0
11-05-2025,0,0,48,0,0,0,0,0,0,0,0,0,0,0,146,0,194,0
12-05-2025,1661,0,54,0,0,0,2040,0,0,0,0,0,0,0,208,0,3963,0
13-05-2025,0,0,79,0,0,0,0,0,0,0,0,0,0,0,497,487,1063,0
14-05-2025,0,0,43,0,0,0,0,0,0,0,0,0,0,0,0,0,43,0
15-05-2025,1659,0,0,0,0,0,0,753,0,0,0,0,0,0,0,1200,3612,0
16-05-2025,0,0,78,0,0,0,0,0,0,0,0,0,0,0,0,0,78,0
17-05-2025,0,0,0,0,0,0,0,0,0,0,0,0,0,0,0,0,0,0
18-05-2025,0,0,62,0,0,0,0,0,0,0,0,0,0,0,0,0,62,0
19-05-2025,0,0,68,0,0,0,0,0,0,0,0,0,0,0,327,0,395,0
20-05-2025,394,0,0,0,0,0,0,0,0,0,0,0,0,0,0,0,394,0
21-05-2025,0,0,0,0,0,0,0,0,0,0,0,0,0,0,0,0,0,0
22-05-2025,0,0,0,0,0,0,0,0,0,0,0,0,0,0,0,0,0,0
23-05-2025,0,0,74,0,0,0,0,0,0,0,0,0,0,0,0,0,74,0
24-05-2025,0,0,65,0,0,0,0,0,0,0,0,0,0,0,0,0,65,0
25-05-2025,0,0,66,0,0,0,0,0,0,0,0,0,0,0,0,0,66,0
26-05-2025,0,0,59,0,0,0,0,0,255,0,0,0,0,0,0,0,314,0
27-05-2025,0,0,0,0,0,0,0,0,1708,0,0,0,0,0,0,0,1708,0
28-05-2025,0,0,44,0,0,0,0,0,0,0,0,0,0,0,0,0,44,0
29-05-2025,0,0,62,0,0,0,0,0,0,0,0,0,0,0,0,0,62,0
30-05-2025,0,0,0,0,0,0,0,0,0,0,0,0,0,0,0,0,0,0
31-05-2025,0,0,0,0,0,0,0,0,0,0,0,21242,0,0,87,0,21329,0
01-06-2025,0,0,63,0,0,0,0,0,0,0,0,0,0,0,0,0,63,64000
02-06-2025,0,13000,0,0,0,0,0,0,0,0,0,0,0,0,0,1018,14018,0
03-06-2025,0,0,0,988,0,0,0,0,0,0,0,0,0,0,0,0,988,0
04-06-2025,0,0,0,0,0,0,0,0,0,0,0,0,0,0,246,0,246,0
05-06-2025,0,0,54,0,0,0,0,0,0,2647,6176,0,0,0,0,0,8877,0
06-06-2025,0,0,0,0,0,0,0,0,0,0,0,0,0,0,0,0,0,0
07-06-2025,0,0,0,0,0,0,0,0,0,0,0,0,0,0,0,0,0,0
08-06-2025,2746,0,0,0,318,0,0,0,0,0,0,0,0,0,0,0,3064,0
09-06-2025,0,0,0,0,0,0,0,0,0,0,0,0,0,0,0,0,0,0
10-06-2025,0,0,0,0,0,0,0,0,0,0,0,0,0,0,0,0,0,0
11-06-2025,3129,0,56,0,0,0,0,0,0,0,0,0,0,0,341,0,3526,0
12-06-2025,0,0,75,0,0,0,1914,0,0,0,0,0,0,0,578,1180,3747,0
13-06-2025,0,0,58,0,0,0,0,0,0,0,0,0,0,0,87,0,145,0
14-06-2025,0,0,73,0,0,0,0,0,0,0,0,0,0,0,0,0,73,0
15-06-2025,0,0,68,0,0,0,0,788,0,0,0,0,0,2254,0,0,3110,0
16-06-2025,0,0,50,0,0,0,0,0,0,0,0,0,0,0,557,0,607,0
17-06-2025,0,0,54,0,0,0,0,0,0,0,0,0,0,0,0,0,54,0
18-06-2025,0,0,43,0,0,0,0,0,0,0,0,0,0,0,40,1293,1376,0
19-06-2025,0,0,0,0,0,0,0,0,0,0,0,0,0,0,474,0,474,0
20-06-2025,0,0,71,0,0,0,0,0,0,0,0,0,0,0,0,111,182,0
21-06-2025,0,0,66,0,0,0,0,0,0,0,0,0,0,0,0,0,66,0
22-06-2025,1535,0,40,0,0,0,0,0,0,0,0,0,0,0,0,110,1685,0
23-06-2025,0,0,43,0,0,0,0,0,0,0,0,0,0,0,0,1529,1572,0
24-06-2025,0,0,0,0,0,0,0,0,1075,0,0,0,0,0,316,0,1391,0
25-06-2025,0,0,74,0,0,0,0,0,0,0,0,0,0,0,0,0,74,0
26-06-2025,2914,0,73,0,0,0,0,0,0,0,0,0,0,0,0,0,2987,0
27-06-2025,0,0,0,0,0,0,0,0,0,0,0,0,0,0,0,0,0,0
28-06-2025,0,0,41,0,0,0,0,0,0,0,0,0,0,0,0,0,41,0
29-06-2025,0,0,81,0,0,0,0,0,0,0,0,0,0,0,0,230,311,0
30-06-2025,0,0,0,0,0,0,0,0,0,0,0,21334,0,0,109,0,21443,0
01-07-2025,0,0,44,0,0,0,0,0,0,0,0,0,0,0,0,0,44,64000
02-07-2025,0,13000,69,0,0,0,0,0,0,0,0,0,0,0,577,0,13646,0
03-07-2025,0,0,60,1007,0,0,0,0,0,0,0,0,0,0,0,0,1067,0
04-07-2025,0,0,0,0,0,0,0,0,0,0,0,0,0,0,0,0,0,0
05-07-2025,0,0,0,0,0,0,0,0,0,2525,6342,0,0,0,0,808,9675,0
06-07-2025,0,0,59,0,0,0,0,0,0,0,0,0,0,0,0,0,59,0
07-07-2025,0,0,0,0,0,0,0,0,0,0,0,0,0,0,0,0,0,0
08-07-2025,0,0,0,0,410,0,0,0,0,0,0,0,0,0,0,0,410,0
09-07-2025,0,0,53,0,0,0,0,0,0,0,0,0,0,0,0,964,1017,0
10-07-2025,1478,0,50,0,0,0,0,0,0,0,0,0,0,0,0,228,1756,0
11-07-2025,0,0,0,0,0,0,0,0,0,0,0,0,0,0,0,1169,1169,0
12-07-2025,0,0,0,0,0,0,2125,0,0,0,0,0,0,0,0,0,2125,0
13-07-2025,0,0,65,0,0,0,0,0,0,0,0,0,0,0,0,0,65,0
14-07-2025,0,0,0,0,0,0,0,0,0,0,0,0,0,0,0,0,0,0
15-07-2025,0,0,81,0,0,0,0,683,0,0,0,0,0,0,0,0,764,0
16-07-2025,0,0,0,0,0,0,0,0,0,0,0,0,0,0,630,0,630,0
17-07-2025,0,0,0,0,0,0,0,0,0,0,0,0,0,0,45,506,551,0
18-07-2025,0,0,48,0,0,0,0,0,0,0,0,0,0,0,572,0,620,0
19-07-2025,0,0,0,0,0,0,0,0,1570,0,0,0,0,0,0,0,1570,0
20-07-2025,0,0,82,0,0,0,0,0,0,0,0,0,0,0,247,0,329,0
21-07-2025,0,0,48,0,0,0,0,0,0,0,0,0,0,0,0,0,48,0
22-07-2025,0,0,60,0,0,198,0,0,0,0,0,0,0,0,472,0,730,0
23-07-2025,0,0,72,0,0,0,0,0,0,0,0,0,0,0,0,0,72,0
24-07-2025,0,0,73,0,0,0,0,0,0,0,0,0,0,0,0,0,73,0
25-07-2025,1366,0,59,0,0,0,0,0,0,0,0,0,0,0,0,0,1425,0
26-07-2025,0,0,77,0,0,0,0,0,0,0,0,0,0,0,0,0,77,0
27-07-2025,0,0,47,0,0,0,0,0,0,0,0,0,0,0,187,0,234,0
28-07-2025,0,0,56,0,0,0,0,0,0,0,0,0,0,0,0,159,215,0
29-07-2025,0,0,61,0,0,0,0,0,0,0,0,0,0,0,0,0,61,0
30-07-2025,0,0,84,0,0,0,0,0,0,0,0,0,0,0,0,577,661,0
31-07-2025,0,0,0,0,0,0,0,0,0,0,0,22037,0,0,67,793,22897,0
01-08-2025,0,0,53,0,0,0,0,0,0,0,0,0,0,0,0,807,860,64000
02-08-2025,0,13000,83,0,0,0,0,0,0,0,0,0,0,0,49,0,13132,0
03-08-2025,0,0,42,954,0,0,0,0,0,0,0,0,0,0,346,585,1927,0
04-08-2025,0,0,73,0,0,0,0,0,0,0,0,0,0,0,0,0,73,0
05-08-2025,0,0,66,0,0,0,0,0,0,2584,6468,0,0,0,0,0,9118,0
06-08-2025,0,0,0,0,0,0,0,0,0,0,0,0,0,0,359,672,1031,0
07-08-2025,0,0,0,0,0,0,0,0,0,0,0,0,0,0,0,0,0,0
08-08-2025,0,0,79,0,308,0,0,0,0,0,0,0,0,0,0,0,387,0
09-08-2025,0,0,63,0,0,0,0,0,0,0,0,0,0,0,159,0,222,0
10-08-2025,0,0,42,0,0,0,0,0,0,0,0,0,0,0,0,0,42,0
11-08-2025,0,0,44,0,0,0,0,0,0,0,0,0,0,0,400,0,444,0
12-08-2025,0,0,40,0,0,0,2307,0,0,0,0,0,0,0,294,0,2641,0
13-08-2025,0,0,84,0,0,0,0,0,0,0,0,0,0,0,0,0,84,0
14-08-2025,0,0,0,0,0,0,0,0,0,0,0,0,0,0,0,0,0,0
15-08-2025,0,0,56,0,0,0,0,768,0,0,0,0,0,0,239,0,1063,0
16-08-2025,0,0,66,0,0,0,0,0,0,0,0,0,0,0,138,725,929,0
17-08-2025,0,0,75,0,0,0,0,0,0,0,0,0,0,0,0,0,75,0
18-08-2025,0,0,71,0,0,0,0,0,0,0,0,0,0,0,577,0,648,0
19-08-2025,0,0,45,0,0,0,0,0,0,0,0,0,0,0,452,679,1176,0
20-08-2025,0,0,42,0,0,0,0,0,0,0,0,0,0,0,0,0,42,0
21-08-2025,0,0,54,0,0,0,0,0,0,0,0,0,0,0,0,0,54,0
22-08-2025,0,0,0,0,0,0,0,0,0,0,0,0,0,0,0,0,0,0
23-08-2025,0,0,42,0,0,0,0,0,0,0,0,0,0,0,0,0,42,0
24-08-2025,0,0,56,0,0,0,0,0,0,0,0,0,0,0,0,0,56,0
25-08-2025,0,0,79,0,0,0,0,0,0,0,0,0,0,0,0,0,79,0
26-08-2025,0,0,0,0,0,0,0,0,0,0,0,0,0,0,121,525,646,0
27-08-2025,0,0,40,0,0,0,0,0,0,0,0,0,0,0,0,0,40,0
28-08-2025,0,0,64,0,0,0,0,0,0,0,0,0,0,0,0,1200,1264,0
29-08-2025,0,0,63,0,0,0,0,0,0,0,0,0,0,0,482,0,545,0
30-08-2025,0,0,40,0,0,0,0,0,0,0,0,0,0,0,0,1600,1640,0
31-08-2025,0,0,48,0,0,0,0,0,0,0,0,21543,0,0,0,0,21591,0
01-09-2025,0,0,64,0,0,0,0,0,0,0,0,0,0,0,520,879,1463,64000
02-09-2025,0,13000,0,0,0,0,0,0,0,0,0,0,0,0,0,0,13000,0
03-09-2025,0,0,53,1022,0,0,0,0,0,0,0,0,0,0,68,0,1143,0
04-09-2025,0,0,66,0,0,0,0,0,0,0,0,0,0,0,0,0,66,0
05-09-2025,0,0,67,0,0,0,0,0,0,2655,6227,0,0,0,0,475,9424,0
06-09-2025,0,0,0,0,0,0,0,0,0,0,0,0,0,0,0,0,0,0
07-09-2025,0,0,73,0,0,0,0,0,1653,0,0,0,0,0,0,789,2515,0
08-09-2025,0,0,46,0,300,0,0,0,0,0,0,0,0,0,0,0,346,0
09-09-2025,1851,0,0,0,0,0,0,0,0,0,0,0,0,0,0,863,2714,0
10-09-2025,0,0,42,0,0,0,0,0,0,0,0,0,0,0,0,0,42,0
11-09-2025,2304,0,0,0,0,0,0,0,0,0,0,0,0,0,0,0,2304,0
12-09-2025,0,0,69,0,0,0,2360,0,0,0,0,0,0,0,239,537,3205,0
13-09-2025,0,0,62,0,0,0,0,0,0,0,0,0,0,0,103,0,165,0
14-09-2025,1759,0,53,0,0,0,0,0,0,0,0,0,0,0,0,1333,3145,0
15-09-2025,703,0,0,0,0,0,0,737,0,0,0,0,0,2386,0,1003,4829,0
16-09-2025,0,0,0,0,0,0,0,0,0,0,0,0,0,0,0,0,0,0
17-09-2025,0,0,0,0,0,0,0,0,0,0,0,0,0,0,577,0,577,0
18-09-2025,0,0,59,0,0,0,0,0,0,0,0,0,0,0,0,0,59,0
19-09-2025,0,0,57,0,0,0,0,0,0,0,0,0,0,0,0,0,57,0
20-09-2025,0,0,49,0,0,0,0,0,0,0,0,0,0,0,0,0,49,0
21-09-2025,0,0,74,0,0,0,0,0,0,0,0,0,0,0,0,0,74,0
22-09-2025,0,0,48,0,0,289,0,0,0,0,0,0,0,0,0,0,337,0
23-09-2025,0,0,65,0,0,0,0,0,0,0,0,0,0,0,0,0,65,0
24-09-2025,0,0,83,0,0,0,0,0,0,0,0,0,0,0,316,0,399,0
25-09-2025,0,0,52,0,0,0,0,0,0,0,0,0,0,0,0,0,52,0
26-09-2025,0,0,82,0,0,0,0,0,0,0,0,0,0,0,0,0,82,0
27-09-2025,0,0,0,0,0,0,0,0,0,0,0,0,0,0,533,0,533,0
28-09-2025,0,0,69,0,0,0,0,0,0,0,0,0,0,0,0,1419,1488,0
29-09-2025,0,0,53,0,0,0,0,0,0,0,0,0,0,0,0,0,53,0
30-09-2025,0,0,53,0,0,0,0,0,0,0,0,21225,0,0,0,0,21278,0
01-10-2025,0,0,79,0,0,0,0,0,0,0,0,0,0,0,604,0,683,64000
02-10-2025,0,13000,0,0,0,0,0,0,968,0,0,0,0,0,0,0,13968,0
03-10-2025,825,0,0,1048,0,0,0,0,0,0,0,0,0,0,0,1353,3226,0
04-10-2025,0,0,0,0,0,0,0,0,0,0,0,0,0,0,635,0,635,0
05-10-2025,0,0,0,0,0,0,0,0,0,2598,6115,0,0,0,0,1792,10505,0
06-10-2025,0,0,62,0,0,0,0,0,730,0,0,0,0,0,0,0,792,0
07-10-2025,0,0,43,0,0,0,0,0,0,0,0,0,0,0,408,0,451,0
08-10-2025,0,0,46,0,420,0,0,0,0,0,0,0,0,0,0,0,466,0
09-10-2025,0,0,62,0,0,0,0,0,0,0,0,0,0,0,0,0,62,0
10-10-2025,0,0,77,0,0,0,0,0,0,0,0,0,0,0,258,0,335,0
11-10-2025,0,0,79,0,0,0,0,0,0,0,0,0,0,0,269,0,348,0
12-10-2025,0,0,69,0,0,0,2729,0,0,0,0,0,0,0,0,0,2798,0
13-10-2025,0,0,44,0,0,0,0,0,0,0,0,0,0,0,0,0,44,0
14-10-2025,2584,0,48,0,0,0,0,0,0,0,0,0,0,0,0,0,2632,0
15-10-2025,0,0,53,0,0,0,0,682,0,0,0,0,0,0,0,0,735,0
16-10-2025,3131,0,45,0,0,0,0,0,0,0,0,0,0,0,0,0,3176,0
17-10-2025,0,0,77,0,0,0,0,0,0,0,0,0,0,0,0,0,77,0
18-10-2025,0,0,82,0,0,0,0,0,0,0,0,0,0,0,0,0,82,0
19-10-2025,541,0,51,0,0,0,0,0,0,0,0,0,0,0,0,0,592,0
20-10-2025,0,0,0,0,0,0,0,0,0,0,0,0,0,0,0,0,0,0
21-10-2025,0,0,0,0,0,0,0,0,0,0,0,0,0,0,604,0,604,0
22-10-2025,2189,0,59,0,0,0,0,0,0,0,0,0,0,0,566,219,3033,0
23-10-2025,0,0,75,0,0,0,0,0,0,0,0,0,0,0,0,0,75,0
24-10-2025,0,0,56,0,0,0,0,0,0,0,0,0,0,0,0,0,56,0
25-10-2025,0,0,66,0,0,0,0,0,0,0,0,0,0,0,239,0,305,0
26-10-2025,0,0,51,0,0,0,0,0,0,0,0,0,0,0,503,313,867,0
27-10-2025,0,0,73,0,0,0,0,0,1439,0,0,0,0,0,0,0,1512,0
28-10-2025,0,0,0,0,0,0,0,0,0,0,0,0,0,0,568,137,705,0
29-10-2025,0,0,0,0,0,0,0,0,0,0,0,0,0,0,0,846,846,0
30-10-2025,0,0,65,0,0,0,0,0,0,0,0,0,0,0,0,0,65,0
31-10-2025,0,0,54,0,0,0,0,0,0,0,0,20574,0,0,266,0,20894,0
01-11-2025,0,0,80,0,0,0,0,0,0,0,0,0,0,0,0,0,80,64000
02-11-2025,0,13000,64,0,0,0,0,0,0,0,0,0,0,0,0,0,13064,0
03-11-2025,0,0,69,895,0,0,0,0,0,0,0,0,0,0,0,0,964,0
04-11-2025,0,0,60,0,0,0,0,0,0,0,0,0,0,0,0,947,1007,0
05-11-2025,0,0,0,0,0,0,0,0,0,2684,6094,0,0,0,113,0,8891,0
06-11-2025,0,0,77,0,0,0,0,0,0,0,0,0,0,0,330,0,407,0
07-11-2025,0,0,58,0,0,0,0,0,0,0,0,0,0,0,0,0,58,0
08-11-2025,0,0,0,0,335,0,0,0,0,0,0,0,0,0,122,0,457,0
09-11-2025,0,0,47,0,0,0,0,0,0,0,0,0,0,0,0,0,47,0
10-11-2025,0,0,75,0,0,0,0,0,0,0,0,0,0,0,0,0,75,0
11-11-2025,1065,0,70,0,0,0,0,0,0,0,0,0,0,0,592,0,1727,0
12-11-2025,1963,0,0,0,0,0,2139,0,1349,0,0,0,0,0,0,791,6242,0
13-11-2025,0,0,68,0,0,0,0,0,0,0,0,0,0,0,0,0,68,0
14-11-2025,0,0,80,0,0,0,0,0,0,0,0,0,0,0,0,0,80,0
15-11-2025,1062,0,81,0,0,0,0,743,0,0,0,0,0,0,0,0,1886,0
16-11-2025,0,0,66,0,0,0,0,0,0,0,0,0,0,0,0,0,66,0
17-11-2025,692,0,51,0,0,0,0,0,0,0,0,0,0,0,0,0,743,0
18-11-2025,0,0,54,0,0,0,0,0,0,0,0,0,0,0,0,0,54,0
19-11-2025,0,0,73,0,0,0,0,0,0,0,0,0,0,0,0,1682,1755,0
20-11-2025,2656,0,75,0,0,0,0,0,0,0,0,0,0,0,0,0,2731,0
21-11-2025,0,0,0,0,0,0,0,0,0,0,0,0,0,0,0,0,0,0
22-11-2025,0,0,0,0,0,0,0,0,0,0,0,0,0,0,0,0,0,0
23-11-2025,888,0,49,0,0,0,0,0,0,0,0,0,0,0,493,0,1430,0
24-11-2025,0,0,61,0,0,0,0,0,0,0,0,0,0,0,0,0,61,0
25-11-2025,0,0,0,0,0,0,0,0,0,0,0,0,0,0,365,0,365,0
26-11-2025,0,0,0,0,0,0,0,0,0,0,0,0,0,0,447,0,447,0
27-11-2025,3019,0,45,0,0,0,0,0,0,0,0,0,0,0,0,0,3064,0
28-11-2025,0,0,74,0,0,0,0,0,0,0,0,0,0,0,0,0,74,0
29-11-2025,0,0,43,0,0,0,0,0,0,0,0,0,0,0,0,254,297,0
30-11-2025,0,0,49,0,0,0,0,0,0,0,0,21290,0,0,180,0,21519,0
01-12-2025,1278,0,0,0,0,0,0,0,0,0,0,0,0,0,0,1249,2527,64000
02-12-2025,0,13000,58,0,0,0,0,0,0,0,0,0,0,0,0,0,13058,0
03-12-2025,0,0,46,912,0,0,0,0,0,0,0,0,0,0,0,0,958,0
04-12-2025,0,0,42,0,0,0,0,0,0,0,0,0,0,0,0,373,415,0
05-12-2025,0,0,66,0,0,0,0,0,0,2609,6462,0,0,0,0,85,9222,0
06-12-2025,0,0,0,0,0,0,0,0,0,0,0,0,0,0,122,0,122,0
07-12-2025,379,0,0,0,0,0,0,0,0,0,0,0,0,0,638,0,1017,0
08-12-2025,0,0,0,0,446,0,0,0,0,0,0,0,0,0,404,0,850,0
09-12-2025,0,0,64,0,0,0,0,0,0,0,0,0,0,0,413,0,477,0
10-12-2025,0,0,78,0,0,0,0,0,0,0,0,0,0,0,0,0,78,0
11-12-2025,0,0,0,0,0,0,0,0,0,0,0,0,0,0,0,0,0,0
12-12-2025,0,0,0,0,0,0,1618,0,0,0,0,0,0,0,116,0,1734,0
13-12-2025,0,0,0,0,0,0,0,0,0,0,0,0,0,0,180,0,180,0
14-12-2025,0,0,61,0,0,0,0,0,0,0,0,0,0,0,0,0,61,0
15-12-2025,0,0,77,0,0,0,0,686,0,0,0,0,0,2433,527,0,3723,0
16-12-2025,0,0,51,0,0,0,0,0,0,0,0,0,0,0,0,0,51,0
17-12-2025,0,0,73,0,0,0,0,0,0,0,0,0,0,0,0,0,73,0
18-12-2025,0,0,0,0,0,0,0,0,0,0,0,0,0,0,196,0,196,0
19-12-2025,0,0,40,0,0,0,0,0,0,0,0,0,0,0,0,0,40,0
20-12-2025,0,0,68,0,0,0,0,0,0,0,0,0,0,0,273,0,341,0
21-12-2025,0,0,0,0,0,0,0,0,0,0,0,0,0,0,0,0,0,0
22-12-2025,0,0,0,0,0,0,0,0,0,0,0,0,0,0,0,0,0,0
23-12-2025,0,0,0,0,0,0,0,0,0,0,0,0,0,0,0,0,0,0
24-12-2025,0,0,81,0,0,0,0,0,0,0,0,0,0,0,0,0,81,0
25-12-2025,947,0,63,0,0,0,0,0,0,0,0,0,0,0,557,0,1567,0
26-12-2025,0,0,55,0,0,0,0,0,0,0,0,0,0,0,0,0,55,0
27-12-2025,0,0,54,0,0,0,0,0,0,0,0,0,0,0,0,0,54,0
28-12-2025,0,0,73,0,0,0,0,0,1349,0,0,0,0,0,0,1238,2660,0
29-12-2025,0,0,75,0,0,0,0,0,0,0,0,0,0,0,0,0,75,0
30-12-2025,0,0,0,0,0,0,0,0,0,0,0,0,0,0,348,0,348,0
31-12-2025,0,0,0,0,0,0,0,0,0,0,0,21422,0,0,533,0,21955,0
01-01-2026,0,0,42,0,0,0,0,0,0,0,0,0,0,0,0,0,42,70400
02-01-2026,0,13000,53,0,0,0,0,0,0,0,0,0,0,0,105,0,13158,0
03-01-2026,0,0,0,862,0,0,0,0,0,0,0,0,0,0,0,0,862,0
04-01-2026,0,0,0,0,0,0,0,0,0,0,0,0,0,0,342,0,342,0
05-01-2026,0,0,44,0,0,0,0,0,0,2975,6786,0,0,0,500,0,10305,0
06-01-2026,0,0,41,0,0,0,0,0,0,0,0,0,0,0,609,0,650,0
07-01-2026,2406,0,69,0,0,0,0,0,0,0,0,0,0,0,275,0,2750,0
08-01-2026,0,0,71,0,375,0,0,0,0,0,0,0,0,0,0,774,1220,0
09-01-2026,0,0,0,0,0,0,0,0,0,0,0,0,0,0,145,0,145,0
10-01-2026,0,0,0,0,0,0,0,0,0,0,0,0,0,0,0,757,757,0
11-01-2026,0,0,63,0,0,0,0,0,0,0,0,0,0,0,341,0,404,0
12-01-2026,0,0,83,0,0,0,1862,0,0,0,0,0,0,0,0,147,2092,0
13-01-2026,0,0,40,0,0,0,0,0,0,0,0,0,0,0,212,0,252,0
14-01-2026,0,0,72,0,0,0,0,0,0,0,0,0,0,0,369,0,441,0
15-01-2026,0,0,69,0,0,0,0,876,0,0,0,0,0,0,549,0,1494,0
16-01-2026,0,0,40,0,0,0,0,0,0,0,0,0,0,0,0,0,40,0
17-01-2026,0,0,0,0,0,0,0,0,0,0,0,0,0,0,0,743,743,0
18-01-2026,0,0,0,0,0,0,0,0,0,0,0,0,0,0,0,0,0,0
19-01-2026,522,0,0,0,0,0,0,0,0,0,0,0,0,0,492,0,1014,0
20-01-2026,0,0,52,0,0,0,0,0,0,0,0,0,0,0,0,0,52,0
21-01-2026,3169,0,0,0,0,0,0,0,0,0,0,0,0,0,292,0,3461,0
22-01-2026,0,0,82,0,0,0,0,0,0,0,0,0,0,0,91,0,173,0
23-01-2026,3038,0,67,0,0,0,0,0,0,0,0,0,0,0,0,463,3568,0
24-01-2026,0,0,55,0,0,0,0,0,0,0,0,0,0,0,0,0,55,0
25-01-2026,0,0,67,0,0,0,0,0,0,0,0,0,0,0,0,1517,1584,0
26-01-2026,0,0,40,0,0,0,0,0,0,0,0,0,0,0,0,0,40,0
27-01-2026,378,0,0,0,0,0,0,0,0,0,0,0,0,0,568,1144,2090,0
28-01-2026,1758,0,60,0,0,0,0,0,0,0,0,0,0,0,189,0,2007,0
29-01-2026,0,0,80,0,0,0,0,0,0,0,0,0,0,0,570,0,650,0
30-01-2026,0,0,68,0,0,0,0,0,0,0,0,0,0,0,0,0,68,0
31-01-2026,0,0,0,0,0,0,0,0,0,0,0,25390,0,0,0,0,25390,0
